flex,fsr1,fsr2,fsr3,pitch,roll,label
274,1.19,0.00,13.90,69.24,25.11,Sitting
293,1.41,0.00,14.38,69.24,25.13,Sitting
308,1.86,0.00,14.72,69.23,25.10,Sitting
321,2.55,0.00,15.04,69.22,25.07,Sitting
331,2.76,0.00,15.29,69.22,25.01,Sitting
313,2.20,0.00,15.11,69.23,25.14,Sitting
302,1.74,0.00,14.96,69.24,25.15,Sitting
289,1.42,0.00,14.84,69.25,25.12,Sitting
279,1.13,0.00,14.69,69.24,25.10,Sitting
298,1.54,0.00,14.99,69.24,25.14,Sitting
314,1.83,0.00,15.20,69.22,25.11,Sitting
328,2.02,0.00,15.42,69.21,25.05,Sitting
311,1.23,0.00,15.13,69.21,25.03,Sitting
304,0.89,0.00,15.05,69.20,25.14,Sitting
297,0.60,0.00,14.91,69.18,25.16,Sitting
292,0.55,0.00,14.79,69.16,25.15,Sitting
285,0.56,0.00,14.71,69.16,25.12,Sitting
305,1.34,0.00,15.05,69.18,25.13,Sitting
321,1.88,0.00,15.29,69.19,25.13,Sitting
311,1.66,0.00,15.29,69.19,25.11,Sitting
300,1.51,0.00,14.98,69.19,25.09,Sitting
284,1.34,0.00,15.07,69.19,25.27,Sitting
281,1.25,0.00,14.92,69.18,25.27,Sitting
273,1.10,0.00,14.81,69.17,25.29,Sitting
279,1.84,0.00,15.10,69.15,25.28,Sitting
287,2.39,0.00,15.36,69.17,25.24,Sitting
293,2.67,0.00,15.46,69.18,25.15,Sitting
296,2.84,0.00,15.43,69.21,25.10,Sitting
272,2.13,0.00,14.68,69.23,25.01,Sitting
261,0.95,0.00,14.45,69.25,25.01,Sitting
246,0.79,0.00,14.38,69.27,25.03,Sitting
239,0.68,0.00,14.36,69.24,25.01,Sitting
227,0.36,0.00,14.21,69.23,24.99,Sitting
249,1.05,0.00,14.55,69.22,25.01,Sitting
240,1.14,0.00,14.11,69.21,24.99,Sitting
263,1.74,0.00,14.47,69.21,25.03,Sitting
251,1.35,0.00,14.36,69.21,25.00,Sitting
242,1.22,0.00,14.32,69.21,25.04,Sitting
240,1.17,0.00,14.28,69.22,25.01,Sitting
235,1.14,0.00,14.23,69.22,24.97,Sitting
234,1.07,0.00,14.25,69.20,24.94,Sitting
258,1.65,0.00,14.58,69.20,24.99,Sitting
280,2.08,0.00,14.80,69.19,24.97,Sitting
300,2.43,0.00,15.05,69.19,24.90,Sitting
313,2.66,0.00,15.22,69.17,24.88,Sitting
300,1.94,0.00,15.03,69.19,25.02,Sitting
294,1.27,0.00,14.90,69.19,25.04,Sitting
287,0.74,0.00,14.74,69.18,25.02,Sitting
277,0.12,0.00,14.62,69.20,25.00,Sitting
297,0.30,0.00,14.88,69.21,25.01,Sitting
315,0.55,0.00,15.09,69.23,25.00,Sitting
329,0.50,0.00,15.17,69.21,24.98,Sitting
341,0.57,0.00,15.38,69.21,24.92,Sitting
323,0.00,0.00,15.18,69.21,25.15,Sitting
309,0.00,0.00,14.96,69.19,25.15,Sitting
296,0.00,0.00,14.81,69.18,25.12,Sitting
311,0.00,0.00,15.04,69.17,25.09,Sitting
323,0.00,0.00,15.21,69.16,25.04,Sitting
309,0.00,0.00,15.13,69.17,25.01,Sitting
321,0.00,0.00,15.35,69.18,24.98,Sitting
305,0.00,0.00,15.05,69.20,24.96,Sitting
297,0.00,0.00,14.89,69.21,24.95,Sitting
291,0.00,0.00,14.78,69.22,24.92,Sitting
284,0.00,0.00,14.67,69.22,24.92,Sitting
278,0.00,0.00,14.53,69.23,24.89,Sitting
297,0.00,0.00,14.84,69.20,24.96,Sitting
311,0.00,0.00,15.05,69.21,24.96,Sitting
323,0.00,0.00,15.26,69.21,24.95,Sitting
334,0.24,0.00,15.39,69.22,24.91,Sitting
320,0.00,0.00,15.16,69.22,25.05,Sitting
309,0.00,0.00,14.97,69.23,25.06,Sitting
285,0.00,0.00,14.83,69.22,25.03,Sitting
283,0.00,0.00,14.66,69.21,25.05,Sitting
305,0.00,0.00,14.92,69.21,25.06,Sitting
324,0.00,0.00,15.18,69.23,25.03,Sitting
336,0.00,0.00,15.39,69.21,24.98,Sitting
349,0.09,0.00,15.40,69.21,24.96,Sitting
335,0.00,0.00,15.19,69.22,25.16,Sitting
323,0.00,0.00,15.03,69.24,25.19,Sitting
315,0.00,0.00,14.77,69.24,25.17,Sitting
332,0.00,0.00,15.01,69.24,25.17,Sitting
346,0.00,0.00,15.26,69.26,25.17,Sitting
360,0.20,0.00,15.46,69.26,25.10,Sitting
368,0.38,0.00,15.64,69.26,25.10,Sitting
375,0.31,0.00,15.53,69.26,25.05,Sitting
353,0.00,0.00,15.32,69.26,25.15,Sitting
338,0.00,0.00,15.05,69.26,25.16,Sitting
324,0.00,0.00,14.96,69.27,25.13,Sitting
311,0.00,0.00,14.87,69.28,25.11,Sitting
327,0.00,0.00,15.18,69.27,25.15,Sitting
339,0.00,0.00,15.42,69.28,25.12,Sitting
348,0.45,0.00,15.62,69.27,25.06,Sitting
355,0.22,0.00,15.53,69.27,25.06,Sitting
337,0.25,0.00,15.40,69.26,25.29,Sitting
320,0.21,0.00,15.30,69.25,25.32,Sitting
309,0.08,0.00,15.21,69.25,25.30,Sitting
315,0.38,0.00,14.82,69.25,25.27,Sitting
329,1.04,0.00,15.12,69.25,25.24,Sitting
311,1.60,0.00,14.99,69.24,25.22,Sitting
325,1.94,0.00,15.25,69.23,25.20,Sitting
309,1.43,0.00,15.06,69.23,25.17,Sitting
299,1.06,0.00,15.04,69.21,25.24,Sitting
289,0.81,0.00,14.99,69.22,25.27,Sitting
281,0.27,0.00,14.97,69.21,25.24,Sitting
271,0.25,0.00,15.10,69.20,25.23,Sitting
265,0.11,0.00,15.40,69.21,25.27,Sitting
290,0.74,0.00,15.60,69.19,25.24,Sitting
311,1.23,0.00,15.75,69.21,25.16,Sitting
307,0.85,0.00,15.47,69.18,25.14,Sitting
300,0.09,0.00,15.34,69.18,25.21,Sitting
280,0.00,0.00,15.15,69.19,25.19,Sitting
274,0.00,0.00,15.12,69.21,25.18,Sitting
267,0.00,0.00,14.82,69.20,25.15,Sitting
291,0.00,0.00,15.12,69.22,25.18,Sitting
311,0.00,0.00,15.37,69.21,25.11,Sitting
327,0.00,0.00,15.58,69.23,25.05,Sitting
341,0.00,0.00,15.73,69.26,24.91,Sitting
329,0.00,0.00,15.53,69.30,24.93,Sitting
323,0.00,0.00,15.32,69.30,24.87,Sitting
310,0.00,0.00,15.13,69.27,24.78,Sitting
295,0.00,0.00,15.02,69.21,24.70,Sitting
304,0.00,0.00,15.30,69.13,24.68,Sitting
305,0.00,0.00,15.26,69.07,24.66,Sitting
313,0.00,0.00,15.42,69.03,24.69,Sitting
297,0.00,0.00,15.15,69.00,24.68,Sitting
290,0.00,0.00,14.99,69.04,24.76,Sitting
286,0.00,0.00,14.94,69.05,24.81,Sitting
289,0.00,0.00,14.61,69.07,24.81,Sitting
285,0.00,0.00,14.56,69.10,24.82,Sitting
302,0.00,0.00,14.88,69.14,24.90,Sitting
318,0.00,0.00,15.12,69.18,24.98,Sitting
299,0.00,0.00,14.97,69.20,24.99,Sitting
296,0.00,0.00,14.82,69.20,25.03,Sitting
295,0.00,0.00,14.77,69.19,25.13,Sitting
295,0.00,0.00,14.69,69.19,25.17,Sitting
290,0.00,0.00,14.62,69.18,25.17,Sitting
288,0.00,0.00,14.61,69.16,25.17,Sitting
317,0.00,0.00,14.91,69.14,25.22,Sitting
339,0.00,0.00,15.14,69.11,25.23,Sitting
356,0.48,0.00,15.33,69.12,25.24,Sitting
371,0.84,0.00,15.49,69.12,25.19,Sitting
357,0.36,0.00,15.32,69.12,25.30,Sitting
348,0.09,0.00,15.13,69.11,25.32,Sitting
340,0.00,0.00,14.94,69.11,25.30,Sitting
331,0.00,0.00,14.74,69.10,25.29,Sitting
357,0.22,0.00,15.02,69.09,25.36,Sitting
373,0.83,0.00,15.31,69.09,25.36,Sitting
385,1.28,0.00,15.45,69.09,25.31,Sitting
391,1.62,0.00,15.53,69.09,25.30,Sitting
373,1.16,0.00,15.35,69.05,25.46,Sitting
353,0.89,0.00,15.09,69.02,25.52,Sitting
338,0.57,0.00,14.97,68.96,25.54,Sitting
327,0.00,0.00,14.81,68.92,25.58,Sitting
343,0.59,0.00,15.03,68.92,25.62,Sitting
349,1.09,0.00,15.27,68.92,25.66,Sitting
354,1.48,0.00,15.40,68.92,25.71,Sitting
330,1.08,0.00,15.09,68.95,25.79,Sitting
312,0.72,0.00,14.94,68.99,26.07,Sitting
298,0.59,0.00,15.06,69.04,26.10,Sitting
291,0.61,0.00,14.85,69.08,26.10,Sitting
287,0.67,0.00,14.70,69.10,26.07,Sitting
310,1.29,0.00,15.01,69.09,26.03,Sitting
306,0.49,0.00,14.95,69.07,25.99,Sitting
328,1.15,0.00,15.15,69.06,25.96,Sitting
318,0.88,0.00,14.95,69.00,25.89,Sitting
312,0.57,0.00,14.81,68.98,25.97,Sitting
305,0.37,0.00,14.68,68.98,25.89,Sitting
301,0.59,0.00,14.59,68.98,25.81,Sitting
315,1.38,0.00,14.89,68.97,25.72,Sitting
303,1.41,0.00,14.91,68.98,25.68,Sitting
314,2.25,0.00,15.12,69.01,25.56,Sitting
320,3.01,0.00,15.30,69.04,25.41,Sitting
302,2.42,0.00,14.97,69.02,25.30,Sitting
293,2.34,0.00,14.91,69.02,25.38,Sitting
285,2.47,0.00,14.79,69.03,25.30,Sitting
276,2.39,0.00,14.71,69.03,25.21,Sitting
299,3.11,0.00,15.00,69.05,25.14,Sitting
319,3.64,0.00,15.27,69.06,25.09,Sitting
335,3.80,0.00,15.46,69.03,25.02,Sitting
348,4.10,0.00,15.55,69.02,25.01,Sitting
333,3.64,0.00,15.27,69.02,24.97,Sitting
319,3.51,0.00,15.10,69.04,25.04,Sitting
313,3.30,0.00,14.95,69.06,25.06,Sitting
302,3.20,0.00,14.86,69.02,25.06,Sitting
312,3.37,0.00,14.96,68.99,25.11,Sitting
331,3.87,0.00,15.22,68.98,25.14,Sitting
342,4.27,0.00,15.42,69.03,25.13,Sitting
354,4.58,0.00,15.65,69.06,25.09,Sitting
350,3.96,0.00,15.35,69.05,25.08,Sitting
338,3.49,0.00,15.16,69.03,25.18,Sitting
323,2.94,0.00,14.99,69.01,25.20,Sitting
314,2.56,0.00,14.89,69.00,25.14,Sitting
306,2.33,0.00,14.69,69.02,25.09,Sitting
331,2.89,0.00,15.06,69.00,25.08,Sitting
352,3.38,0.00,15.31,68.98,25.04,Sitting
337,3.03,0.00,15.21,68.97,25.03,Sitting
354,3.35,0.00,15.39,68.93,25.03,Sitting
339,3.01,0.00,15.22,68.98,25.11,Sitting
329,2.67,0.00,15.07,69.02,25.09,Sitting
321,2.42,0.00,14.78,69.04,25.05,Sitting
314,2.13,0.00,14.70,69.03,25.04,Sitting
332,2.72,0.00,15.01,69.03,25.14,Sitting
348,3.15,0.00,15.27,69.06,25.11,Sitting
360,3.50,0.00,15.49,69.09,25.02,Sitting
342,2.91,0.00,15.12,69.10,24.99,Sitting
328,2.99,0.00,15.08,69.11,25.02,Sitting
320,2.56,0.00,14.97,69.10,25.04,Sitting
315,2.28,0.00,14.88,69.08,25.02,Sitting
309,2.10,0.00,14.78,69.09,25.00,Sitting
308,1.96,0.00,14.67,69.10,25.07,Sitting
327,2.51,0.00,14.99,69.11,25.05,Sitting
322,2.34,0.00,14.71,69.09,25.06,Sitting
337,2.24,0.00,14.83,69.08,25.05,Sitting
328,3.11,0.00,14.77,69.09,25.27,Sitting
323,2.81,0.00,14.75,69.12,25.28,Sitting
318,2.55,0.00,14.70,69.13,25.25,Sitting
328,2.85,0.00,14.83,69.12,25.22,Sitting
346,3.45,0.00,15.12,69.12,25.18,Sitting
335,3.25,0.00,14.97,69.12,25.16,Sitting
353,3.54,0.00,15.23,69.08,25.13,Sitting
340,3.16,0.00,15.17,69.08,25.11,Sitting
333,2.77,0.00,15.04,69.06,25.13,Sitting
327,2.59,0.00,14.92,69.04,25.14,Sitting
322,2.47,0.00,14.82,69.00,25.10,Sitting
313,2.14,0.00,14.71,69.01,25.06,Sitting
295,1.46,0.00,14.73,69.05,25.12,Sitting
312,1.98,0.00,15.11,69.06,25.08,Sitting
323,2.35,0.00,15.35,69.06,25.03,Sitting
308,1.63,0.00,15.16,69.06,25.00,Sitting
297,1.12,0.00,15.01,69.06,25.12,Sitting
292,0.81,0.00,14.90,69.04,25.13,Sitting
288,0.20,0.00,14.86,69.04,25.14,Sitting
299,0.44,0.00,15.03,69.01,25.10,Sitting
317,0.73,0.00,15.27,69.02,25.10,Sitting
331,1.00,0.00,15.47,69.04,25.01,Sitting
342,1.13,0.00,15.63,69.08,24.98,Sitting
325,0.57,0.00,15.40,69.10,24.91,Sitting
315,0.00,0.00,15.32,69.11,25.02,Sitting
305,0.00,0.00,15.15,69.11,25.05,Sitting
301,0.00,0.00,14.70,69.10,25.06,Sitting
320,0.00,0.00,15.02,69.12,25.07,Sitting
339,0.00,0.00,15.27,69.11,25.08,Sitting
353,0.00,0.00,15.48,69.09,25.08,Sitting
363,0.13,0.00,15.64,69.06,25.06,Sitting
344,0.00,0.00,15.26,69.04,25.07,Sitting
334,0.00,0.00,15.14,69.03,25.09,Sitting
316,0.00,0.00,15.09,69.04,25.09,Sitting
304,0.00,0.00,14.98,69.05,25.05,Sitting
296,0.00,0.00,14.92,69.05,24.99,Sitting
316,0.00,0.00,15.26,69.05,24.98,Sitting
332,0.00,0.00,15.54,69.05,24.92,Sitting
345,0.32,0.00,15.77,69.03,24.86,Sitting
353,0.84,0.00,15.87,69.03,24.80,Sitting
337,0.47,0.00,15.64,69.03,24.92,Sitting
318,0.15,0.00,15.44,69.05,24.92,Sitting
306,0.00,0.00,15.28,69.05,24.90,Sitting
309,0.18,0.00,15.29,69.07,24.92,Sitting
302,0.25,0.00,15.18,69.06,24.93,Sitting
318,0.85,0.00,15.48,69.07,24.95,Sitting
314,0.47,0.00,15.18,69.05,24.91,Sitting
296,0.38,0.00,15.02,69.06,24.91,Sitting
289,0.29,0.00,15.02,69.08,25.00,Sitting
284,0.05,0.00,15.06,69.09,25.03,Sitting
279,0.24,0.00,14.98,69.08,25.02,Sitting
271,0.56,0.00,14.87,69.07,25.02,Sitting
291,1.50,0.00,15.23,69.07,25.09,Sitting
278,1.63,0.00,15.14,69.05,25.09,Sitting
283,1.82,0.00,15.40,69.04,25.11,Sitting
255,1.05,0.00,15.20,69.02,25.07,Sitting
233,0.73,0.00,15.15,69.01,25.23,Sitting
208,1.56,0.00,15.06,69.04,25.22,Sitting
190,1.47,0.00,15.02,69.06,25.17,Sitting
200,2.14,0.00,15.29,69.09,25.11,Sitting
209,2.75,0.00,15.56,69.10,25.10,Sitting
209,2.42,0.00,15.45,69.10,25.02,Sitting
226,2.88,0.00,15.63,69.10,24.96,Sitting
206,2.53,0.00,15.41,69.07,24.93,Sitting
201,2.25,0.00,15.33,69.06,25.02,Sitting
196,1.96,0.00,15.19,69.04,24.97,Sitting
193,1.78,0.00,15.14,69.04,24.93,Sitting
218,2.42,0.00,15.40,69.03,24.91,Sitting
238,2.85,0.00,15.59,69.03,24.89,Sitting
258,3.26,0.00,15.74,69.04,24.83,Sitting
272,3.61,0.00,15.87,69.09,24.80,Sitting
282,3.83,0.00,15.70,69.12,24.73,Sitting
277,3.23,0.00,15.54,69.16,24.86,Sitting
263,2.89,0.00,15.40,69.16,24.90,Sitting
253,2.52,0.00,15.25,69.14,24.91,Sitting
241,2.28,0.00,15.01,69.16,24.90,Sitting
264,2.74,0.00,15.29,69.14,25.01,Sitting
282,3.19,0.00,15.57,69.11,24.98,Sitting
293,3.51,0.00,15.73,69.08,24.91,Sitting
275,3.03,0.00,15.52,69.05,24.88,Sitting
264,2.65,0.00,15.39,69.05,24.93,Sitting
256,2.40,0.00,15.24,69.06,24.93,Sitting
252,2.18,0.00,15.15,69.05,24.89,Sitting
250,2.26,0.00,14.88,69.01,24.88,Sitting
248,2.14,0.00,15.03,69.01,24.97,Sitting
272,2.69,0.00,15.43,69.01,24.94,Sitting
288,3.16,0.00,15.68,69.01,24.91,Sitting
285,1.89,0.00,15.31,69.03,24.90,Sitting
286,1.77,0.00,15.24,69.03,25.04,Sitting
280,1.69,0.00,15.12,69.04,25.04,Sitting
273,1.65,0.00,15.06,69.04,25.03,Sitting
293,2.39,0.00,15.38,69.04,25.02,Sitting
309,2.99,0.00,15.65,69.04,25.00,Sitting
322,3.46,0.00,15.81,69.04,24.95,Sitting
331,3.93,0.00,15.98,69.03,24.92,Sitting
304,3.43,0.00,15.63,69.00,24.88,Sitting
291,3.06,0.00,15.69,68.99,24.95,Sitting
281,2.90,0.00,15.49,69.00,24.98,Sitting
273,2.76,0.00,15.30,68.97,24.94,Sitting
268,2.43,0.00,15.10,68.98,24.90,Sitting
287,3.08,0.00,15.37,68.99,24.90,Sitting
303,3.51,0.00,15.57,68.99,24.87,Sitting
316,3.93,0.00,15.73,68.99,24.87,Sitting
302,3.51,0.00,15.48,68.98,24.85,Sitting
291,3.14,0.00,15.37,68.99,24.92,Sitting
284,2.82,0.00,15.22,69.01,24.92,Sitting
277,2.60,0.00,15.07,69.01,24.88,Sitting
274,2.26,0.00,15.00,69.02,24.85,Sitting
295,2.92,0.00,15.33,69.01,24.89,Sitting
312,3.37,0.00,15.54,69.01,24.85,Sitting
325,3.74,0.00,15.71,69.01,24.87,Sitting
336,4.05,0.00,15.85,68.99,24.85,Sitting
318,3.54,0.00,15.66,69.02,25.02,Sitting
302,3.35,0.00,15.48,69.00,25.05,Sitting
283,2.86,0.00,15.26,69.00,25.03,Sitting
273,2.68,0.00,15.16,69.01,25.01,Sitting
290,3.23,0.00,15.42,69.02,25.06,Sitting
302,3.73,0.00,15.67,69.03,25.04,Sitting
312,4.05,0.00,15.81,69.01,24.96,Sitting
307,4.00,0.00,15.53,69.01,24.92,Sitting
292,3.60,0.00,15.36,69.02,24.98,Sitting
281,3.27,0.00,15.28,69.03,24.96,Sitting
272,3.05,0.00,15.13,69.04,24.93,Sitting
260,2.72,0.00,15.03,69.06,24.90,Sitting
282,3.34,0.00,15.29,69.08,24.90,Sitting
301,3.78,0.00,15.54,69.06,24.88,Sitting
316,4.03,0.00,15.69,69.05,24.87,Sitting
315,3.65,0.00,15.46,69.06,24.89,Sitting
298,3.20,0.00,15.20,69.07,25.11,Sitting
287,2.72,0.00,15.00,69.06,25.13,Sitting
282,1.76,0.00,14.78,69.07,25.10,Sitting
300,2.45,0.00,14.96,69.05,25.06,Sitting
314,2.94,0.00,15.13,69.05,25.07,Sitting
327,3.42,0.00,15.35,69.08,25.05,Sitting
335,3.63,0.00,15.43,69.10,24.99,Sitting
316,2.33,0.00,14.91,69.12,24.96,Sitting
307,2.11,0.00,14.75,69.12,25.07,Sitting
292,1.72,0.00,14.61,69.11,25.06,Sitting
286,1.67,0.00,14.49,69.11,25.03,Sitting
302,2.41,0.00,14.80,69.13,24.97,Sitting
317,2.90,0.00,15.05,69.13,24.90,Sitting
329,3.29,0.00,15.33,69.12,24.82,Sitting
337,3.70,0.00,15.50,69.10,24.79,Sitting
318,3.09,0.00,15.07,69.11,24.72,Sitting
305,2.62,0.00,15.03,69.12,24.75,Sitting
295,2.49,0.00,14.91,69.12,24.76,Sitting
286,2.24,0.00,14.81,69.14,24.74,Sitting
275,1.90,0.00,14.75,69.17,24.71,Sitting
294,2.49,0.00,15.05,69.18,24.77,Sitting
310,2.95,0.00,15.28,69.18,24.77,Sitting
325,3.30,0.00,15.48,69.17,24.74,Sitting
333,3.40,0.00,15.38,69.14,24.72,Sitting
315,2.91,0.00,15.19,69.14,24.82,Sitting
303,2.53,0.00,15.03,69.12,24.84,Sitting
303,2.23,0.00,14.90,69.12,24.82,Sitting
290,1.87,0.00,14.71,69.12,24.79,Sitting
309,2.36,0.00,15.01,69.12,24.79,Sitting
327,2.78,0.00,15.24,69.11,24.80,Sitting
309,2.23,0.00,15.08,69.12,24.79,Sitting
296,1.78,0.00,14.95,69.11,24.78,Sitting
291,1.53,0.00,14.91,69.12,24.95,Sitting
287,1.38,0.00,14.80,69.12,24.97,Sitting
285,1.21,0.00,14.71,69.11,24.93,Sitting
300,1.44,0.00,14.83,69.12,24.90,Sitting
317,1.91,0.00,15.13,69.11,24.89,Sitting
308,1.67,0.00,14.62,69.12,24.86,Sitting
328,1.96,0.00,14.94,69.14,24.89,Sitting
317,1.70,0.00,14.89,69.14,24.88,Sitting
308,1.39,0.00,14.80,69.12,25.02,Sitting
301,1.13,0.00,14.80,69.12,25.01,Sitting
299,1.02,0.00,14.73,69.13,24.98,Sitting
323,1.61,0.00,15.04,69.13,24.94,Sitting
313,1.42,0.00,14.92,69.13,24.92,Sitting
333,1.93,0.00,15.18,69.12,24.92,Sitting
346,2.45,0.00,15.37,69.13,24.91,Sitting
328,1.95,0.00,15.09,69.12,24.89,Sitting
320,1.68,0.00,14.95,69.14,25.06,Sitting
310,1.89,0.00,14.84,69.12,25.07,Sitting
304,1.64,0.00,14.78,69.11,25.04,Sitting
305,1.66,0.00,14.89,69.11,25.00,Sitting
326,2.12,0.00,15.16,69.10,24.96,Sitting
341,2.50,0.00,15.38,69.10,24.90,Sitting
353,2.89,0.00,15.55,69.11,24.88,Sitting
334,2.23,0.00,15.24,69.11,24.83,Sitting
324,1.77,0.00,15.15,69.12,24.84,Sitting
316,1.75,0.00,15.17,69.11,24.82,Sitting
310,0.76,0.00,14.89,69.11,24.81,Sitting
305,0.41,0.00,14.86,69.12,24.79,Sitting
290,0.00,0.00,14.78,69.13,24.90,Sitting
314,0.36,0.00,15.07,69.11,24.92,Sitting
333,0.79,0.00,15.37,69.11,24.90,Sitting
322,0.33,0.00,15.15,69.10,24.88,Sitting
316,0.08,0.00,15.00,69.11,25.03,Sitting
311,0.00,0.00,14.96,69.12,25.02,Sitting
306,0.00,0.00,14.85,69.12,24.97,Sitting
305,0.00,0.00,14.81,69.12,24.94,Sitting
325,0.31,0.00,15.04,69.14,24.93,Sitting
343,0.98,0.00,15.28,69.13,24.91,Sitting
335,0.65,0.00,15.20,69.13,24.90,Sitting
327,0.50,0.00,15.06,69.12,24.93,Sitting
321,0.34,0.00,15.06,69.11,25.03,Sitting
318,0.30,0.00,14.97,69.12,25.01,Sitting
315,0.22,0.00,14.94,69.12,24.98,Sitting
313,0.19,0.00,14.88,69.13,25.00,Sitting
335,0.83,0.00,15.23,69.13,24.97,Sitting
326,0.73,0.00,15.17,69.12,24.95,Sitting
345,1.34,0.00,15.40,69.15,24.93,Sitting
337,1.04,0.00,15.21,69.15,24.91,Sitting
327,0.69,0.00,15.18,69.14,25.03,Sitting
321,0.28,0.00,15.19,69.14,25.02,Sitting
320,0.00,0.00,15.14,69.14,24.99,Sitting
340,0.50,0.00,15.40,69.14,24.94,Sitting
357,0.90,0.00,15.66,69.13,24.91,Sitting
369,1.22,0.00,15.78,69.13,24.87,Sitting
381,1.43,0.00,15.88,69.13,24.81,Sitting
359,1.04,0.00,15.67,69.14,24.81,Sitting
346,0.64,0.00,15.56,69.14,24.94,Sitting
331,0.36,0.00,15.45,69.15,24.97,Sitting
320,0.16,0.00,15.31,69.16,24.95,Sitting
310,0.00,0.00,15.24,69.16,24.93,Sitting
319,0.66,0.00,15.52,69.15,24.94,Sitting
326,1.00,0.00,15.69,69.13,24.97,Sitting
312,0.72,0.00,15.55,69.14,24.94,Sitting
297,0.46,0.00,15.46,69.16,24.90,Sitting
285,0.24,0.00,14.70,69.16,24.86,Sitting
273,0.05,0.00,14.76,69.15,24.88,Sitting
265,0.05,0.00,14.75,69.13,24.85,Sitting
254,0.00,0.00,14.75,69.13,24.80,Sitting
275,0.51,0.00,15.16,69.14,24.79,Sitting
293,1.00,0.00,15.44,69.12,24.76,Sitting
311,1.42,0.00,15.71,69.11,24.74,Sitting
300,1.08,0.00,15.52,69.11,24.72,Sitting
295,0.72,0.00,15.38,69.10,24.87,Sitting
290,0.44,0.00,15.35,69.08,24.91,Sitting
287,0.21,0.00,15.26,69.08,24.89,Sitting
310,0.78,0.00,15.54,69.08,24.88,Sitting
330,1.24,0.00,15.77,69.09,24.89,Sitting
346,1.60,0.00,15.95,69.10,24.90,Sitting
331,1.19,0.00,15.75,69.10,24.88,Sitting
320,0.93,0.00,15.63,69.12,24.83,Sitting
310,0.60,0.00,15.50,69.11,24.92,Sitting
302,0.50,0.00,15.41,69.11,24.89,Sitting
299,0.25,0.00,15.36,69.11,24.90,Sitting
296,0.22,0.00,15.29,69.11,24.86,Sitting
320,0.76,0.00,15.57,69.11,24.85,Sitting
316,0.50,0.00,15.48,69.08,24.83,Sitting
340,0.91,0.00,15.74,69.07,24.84,Sitting
329,0.46,0.00,15.62,69.08,24.82,Sitting
321,0.17,0.00,15.52,69.08,24.88,Sitting
318,0.00,0.00,15.44,69.08,24.86,Sitting
315,0.06,0.00,15.37,69.07,24.83,Sitting
311,0.00,0.00,15.31,69.05,24.83,Sitting
309,0.00,0.00,15.27,69.05,24.81,Sitting
331,0.00,0.00,15.58,69.05,24.82,Sitting
349,0.09,0.00,15.81,69.06,24.79,Sitting
340,0.00,0.00,15.71,69.03,24.77,Sitting
333,0.00,0.00,15.60,69.04,24.77,Sitting
326,0.00,0.00,15.48,69.04,24.82,Sitting
321,0.00,0.00,15.46,69.07,24.82,Sitting
341,0.00,0.00,15.77,69.08,24.81,Sitting
358,0.04,0.00,15.95,69.08,24.78,Sitting
344,0.00,0.00,15.70,69.07,24.75,Sitting
358,0.15,0.00,15.90,69.08,24.73,Sitting
328,0.00,0.00,15.47,69.08,24.70,Sitting
320,0.00,0.00,15.40,69.06,24.73,Sitting
313,0.00,0.00,15.38,69.05,24.76,Sitting
308,0.00,0.00,15.29,69.06,24.76,Sitting
306,0.00,0.00,15.16,69.08,24.75,Sitting
328,0.00,0.00,15.46,69.08,24.81,Sitting
343,0.25,0.00,15.69,69.07,24.75,Sitting
355,0.86,0.00,15.71,69.05,24.75,Sitting
340,0.41,0.00,15.46,69.04,24.76,Sitting
329,0.28,0.00,15.41,69.06,24.96,Sitting
321,0.22,0.00,15.29,69.04,24.96,Sitting
314,0.15,0.00,15.26,69.03,24.93,Sitting
333,0.88,0.00,15.53,69.05,24.92,Sitting
353,1.42,0.00,15.75,69.05,24.96,Sitting
362,1.35,0.00,15.73,69.05,24.96,Sitting
373,1.80,0.00,15.87,69.07,24.93,Sitting
351,1.52,0.00,15.65,69.08,24.91,Sitting
341,1.23,0.00,15.53,69.10,25.11,Sitting
328,1.07,0.00,15.37,69.08,25.08,Sitting
317,1.18,0.00,15.30,69.08,25.05,Sitting
333,1.73,0.00,15.54,69.07,25.01,Sitting
341,2.18,0.00,15.73,69.07,24.99,Sitting
346,2.54,0.00,15.87,69.08,25.03,Sitting
350,2.85,0.00,16.03,69.09,25.01,Sitting
317,2.35,0.00,15.70,69.10,24.98,Sitting
295,2.01,0.00,15.53,69.12,25.02,Sitting
282,1.69,0.00,15.44,69.10,24.98,Sitting
258,1.51,0.00,15.32,69.09,24.93,Sitting
235,1.37,0.00,15.25,69.09,24.89,Sitting
259,1.85,0.00,15.53,69.09,24.86,Sitting
277,2.24,0.00,15.76,69.11,24.83,Sitting
291,2.54,0.00,15.93,69.11,24.81,Sitting
285,2.06,0.00,15.71,69.10,24.75,Sitting
272,1.56,0.00,15.61,69.09,24.89,Sitting
267,1.19,0.00,15.47,69.09,24.87,Sitting
262,0.87,0.00,15.33,69.10,24.85,Sitting
283,1.27,0.00,15.58,69.09,24.81,Sitting
281,1.18,0.00,15.44,69.09,24.78,Sitting
298,1.73,0.00,15.72,69.09,24.75,Sitting
315,2.10,0.00,15.90,69.09,24.76,Sitting
298,1.37,0.00,15.58,69.11,24.74,Sitting
290,1.05,0.00,15.41,69.12,24.86,Sitting
275,0.70,0.00,15.26,69.12,24.88,Sitting
282,0.67,0.00,15.14,69.13,24.87,Sitting
292,1.02,0.00,15.25,69.13,24.85,Sitting
311,1.65,0.00,15.49,69.12,24.82,Sitting
322,2.12,0.00,15.71,69.12,24.82,Sitting
337,2.47,0.00,15.92,69.11,24.79,Sitting
317,1.91,0.00,15.43,69.10,24.74,Sitting
311,1.82,0.00,15.32,69.12,24.76,Sitting
303,1.53,0.00,15.19,69.12,24.79,Sitting
297,1.22,0.00,15.04,69.10,24.77,Sitting
306,1.33,0.00,15.20,69.10,24.78,Sitting
299,1.09,0.00,15.14,69.11,24.82,Sitting
318,1.46,0.00,15.46,69.12,24.83,Sitting
334,1.71,0.00,15.69,69.13,24.81,Sitting
312,0.79,0.00,15.35,69.14,24.80,Sitting
304,0.41,0.00,15.24,69.14,24.94,Sitting
301,0.00,0.00,15.20,69.16,24.96,Sitting
301,0.00,0.00,15.10,69.17,24.92,Sitting
322,0.65,0.00,15.50,69.14,24.91,Sitting
341,1.13,0.00,15.69,69.12,24.87,Sitting
353,1.55,0.00,15.85,69.12,24.88,Sitting
339,1.65,0.00,15.71,69.11,24.83,Sitting
329,1.33,0.00,15.50,69.11,24.77,Sitting
320,1.14,0.00,15.35,69.12,24.86,Sitting
313,0.32,0.00,15.24,69.12,24.83,Sitting
308,0.25,0.00,15.18,69.12,24.79,Sitting
307,0.27,0.00,15.10,69.12,24.77,Sitting
328,0.97,0.00,15.42,69.11,24.77,Sitting
319,0.93,0.00,15.22,69.14,24.79,Sitting
336,1.49,0.00,15.46,69.14,24.79,Sitting
323,1.18,0.00,15.25,69.13,24.79,Sitting
316,0.95,0.00,15.20,69.12,24.95,Sitting
313,0.77,0.00,15.15,69.12,24.94,Sitting
308,0.68,0.00,15.05,69.12,24.91,Sitting
327,1.41,0.00,15.33,69.10,24.88,Sitting
346,1.89,0.00,15.53,69.08,24.88,Sitting
360,2.27,0.00,15.75,69.08,24.81,Sitting
344,2.08,0.00,15.57,69.09,24.76,Sitting
332,1.59,0.00,15.24,69.12,24.72,Sitting
323,1.18,0.00,14.99,69.13,24.76,Sitting
317,1.50,0.00,14.92,69.15,24.78,Sitting
312,1.19,0.00,14.84,69.14,24.78,Sitting
298,1.29,0.00,15.09,69.14,24.76,Sitting
320,1.80,0.00,15.32,69.15,24.83,Sitting
316,1.85,0.00,14.98,69.14,24.84,Sitting
338,2.18,0.00,15.20,69.14,24.85,Sitting
326,1.52,0.00,14.84,69.16,24.86,Sitting
322,1.20,0.00,14.70,69.16,24.89,Sitting
312,0.85,0.00,14.61,69.14,24.86,Sitting
307,0.60,0.00,14.58,69.13,24.84,Sitting
304,0.47,0.00,14.48,69.11,24.81,Sitting
314,0.40,0.00,14.60,69.11,24.90,Sitting
334,0.92,0.00,14.86,69.10,24.90,Sitting
346,1.38,0.00,15.06,69.07,24.87,Sitting
330,0.00,0.00,14.78,69.03,24.84,Sitting
319,0.00,0.00,14.74,69.04,24.99,Sitting
308,0.00,0.00,14.62,69.06,25.00,Sitting
294,0.00,0.00,14.49,69.06,25.00,Sitting
285,0.00,0.00,14.40,69.06,24.96,Sitting
301,0.00,0.00,14.71,69.10,24.97,Sitting
314,0.36,0.00,15.05,69.10,24.94,Sitting
325,0.75,0.00,15.25,69.11,24.91,Sitting
308,0.46,0.00,15.05,69.12,24.87,Sitting
288,0.20,0.00,14.95,69.13,25.00,Sitting
276,0.02,0.00,14.86,69.11,24.96,Sitting
270,0.00,0.00,14.72,69.09,24.94,Sitting
287,0.52,0.00,15.03,69.08,24.95,Sitting
299,0.64,0.00,14.82,69.10,24.91,Sitting
312,1.11,0.00,15.05,69.13,24.86,Sitting
323,1.25,0.00,15.29,69.16,24.83,Sitting
306,0.81,0.00,15.11,69.15,24.82,Sitting
298,0.62,0.00,14.94,69.12,24.99,Sitting
286,0.50,0.00,14.81,69.13,25.01,Sitting
282,0.36,0.00,14.67,69.14,25.02,Sitting
295,0.60,0.00,14.73,69.13,25.00,Sitting
315,1.21,0.00,14.96,69.12,24.99,Sitting
306,1.11,0.00,14.75,69.12,24.97,Sitting
325,1.61,0.00,14.97,69.13,24.94,Sitting
321,1.29,0.00,14.77,69.11,24.91,Sitting
309,0.96,0.00,14.59,69.11,24.98,Sitting
300,0.63,0.00,14.53,69.12,24.96,Sitting
297,0.36,0.00,14.35,69.15,24.93,Sitting
318,1.07,0.00,14.68,69.15,24.87,Sitting
334,1.56,0.00,14.89,69.16,24.83,Sitting
344,2.01,0.00,15.05,69.16,24.80,Sitting
353,2.23,0.00,15.20,69.16,24.74,Sitting
334,1.63,0.00,14.85,69.15,24.74,Sitting
321,1.18,0.00,14.63,69.14,24.78,Sitting
309,0.81,0.00,14.47,69.14,24.82,Sitting
302,0.54,0.00,14.42,69.15,24.81,Sitting
293,0.26,0.00,14.18,69.15,24.79,Sitting
311,0.78,0.00,14.53,69.17,24.82,Sitting
306,0.61,0.00,14.48,69.18,24.79,Sitting
323,1.13,0.00,14.71,69.18,24.79,Sitting
332,0.92,0.00,14.64,69.18,24.75,Sitting
318,0.60,0.00,14.44,69.16,24.83,Sitting
310,0.54,0.00,14.30,69.14,24.82,Sitting
303,0.76,0.00,13.77,69.12,24.80,Sitting
286,0.62,0.00,13.77,69.11,24.78,Sitting
309,1.12,0.00,14.14,69.10,24.79,Sitting
328,1.52,0.00,14.50,69.12,24.77,Sitting
346,1.91,0.00,14.73,69.13,24.72,Sitting
335,1.42,0.00,14.57,69.14,24.70,Sitting
328,1.06,0.00,14.46,69.14,24.79,Sitting
320,0.85,0.00,14.44,69.14,24.82,Sitting
320,0.64,0.00,14.38,69.15,24.79,Sitting
315,0.40,0.00,14.30,69.13,24.77,Sitting
335,0.99,0.00,14.60,69.10,24.84,Sitting
351,1.41,0.00,14.83,69.07,24.83,Sitting
361,1.75,0.00,14.98,69.08,24.81,Sitting
360,1.66,0.00,14.83,69.08,24.83,Sitting
346,1.19,0.00,14.72,69.09,25.04,Sitting
334,0.79,0.00,14.61,69.11,25.04,Sitting
322,0.47,0.00,14.49,69.14,25.00,Sitting
316,0.24,0.00,14.41,69.13,24.97,Sitting
339,0.77,0.00,14.71,69.13,24.97,Sitting
356,1.22,0.00,14.94,69.11,24.93,Sitting
369,1.54,0.00,15.14,69.11,24.92,Sitting
357,0.74,0.00,14.90,69.10,24.87,Sitting
346,0.44,0.00,14.72,69.09,25.01,Sitting
337,0.84,0.00,14.55,69.08,25.03,Sitting
333,0.99,0.00,14.13,69.07,25.00,Sitting
350,1.50,0.00,14.51,69.10,25.00,Sitting
364,1.79,0.00,14.82,69.10,24.96,Sitting
374,2.05,0.00,15.04,69.11,24.93,Sitting
381,2.12,0.00,15.14,69.09,24.87,Sitting
359,1.53,0.00,14.87,69.09,24.85,Sitting
349,1.19,0.00,14.80,69.08,24.95,Sitting
339,0.97,0.00,14.66,69.08,24.95,Sitting
332,0.70,0.00,14.61,69.07,24.92,Sitting
339,0.93,0.00,14.69,69.08,24.90,Sitting
357,1.39,0.00,14.95,69.08,24.87,Sitting
370,1.78,0.00,15.14,69.08,24.83,Sitting
379,2.08,0.00,15.29,69.08,24.82,Sitting
358,1.52,0.00,15.05,69.09,24.75,Sitting
343,1.14,0.00,14.92,69.11,24.91,Sitting
332,0.84,0.00,14.78,69.12,24.87,Sitting
327,0.63,0.00,14.79,69.11,24.83,Sitting
343,1.23,0.00,15.13,69.11,24.80,Sitting
337,1.11,0.00,14.96,69.07,24.77,Sitting
359,1.54,0.00,15.17,69.06,24.76,Sitting
372,1.71,0.00,15.32,69.04,24.73,Sitting
355,1.12,0.00,15.03,69.04,24.72,Sitting
342,0.80,0.00,14.77,69.04,24.77,Sitting
328,0.49,0.00,14.62,69.05,24.78,Sitting
322,0.35,0.00,14.57,69.06,24.76,Sitting
315,0.06,0.00,14.37,69.05,24.73,Sitting
338,0.71,0.00,14.77,69.04,24.74,Sitting
328,0.34,0.00,14.57,69.03,24.71,Sitting
347,0.89,0.00,14.92,69.03,24.70,Sitting
361,1.35,0.00,15.08,69.05,24.65,Sitting
349,0.97,0.00,14.91,69.06,24.76,Sitting
339,0.69,0.00,14.77,69.07,24.75,Sitting
333,0.45,0.00,14.61,69.07,24.74,Sitting
327,0.27,0.00,14.52,69.08,24.73,Sitting
322,0.16,0.00,14.49,69.09,24.82,Sitting
346,0.74,0.00,14.78,69.08,24.80,Sitting
342,0.60,0.00,14.65,69.10,24.78,Sitting
346,0.35,0.00,14.56,69.12,24.74,Sitting
341,0.18,0.00,14.54,69.12,24.84,Sitting
337,0.05,0.00,14.52,69.14,24.85,Sitting
331,0.00,0.00,14.43,69.13,24.84,Sitting
326,0.00,0.00,14.30,69.12,24.82,Sitting
347,0.60,0.00,14.62,69.13,24.84,Sitting
332,0.23,0.00,14.42,69.12,24.82,Sitting
354,0.94,0.00,14.72,69.12,24.82,Sitting
367,1.21,0.00,14.65,69.12,24.77,Sitting
355,0.93,0.00,14.58,69.15,24.87,Sitting
346,0.75,0.00,14.53,69.16,24.84,Sitting
339,0.59,0.00,14.48,69.14,24.83,Sitting
335,0.51,0.00,14.49,69.16,24.82,Sitting
328,0.25,0.00,14.72,69.16,24.89,Sitting
348,0.90,0.00,14.98,69.17,24.87,Sitting
364,1.40,0.00,15.18,69.17,24.81,Sitting
380,1.88,0.00,15.33,69.17,24.80,Sitting
365,1.45,0.00,15.17,69.14,25.06,Sitting
354,1.08,0.00,14.97,69.12,25.03,Sitting
348,0.89,0.00,14.93,69.10,25.00,Sitting
336,0.60,0.00,14.76,69.07,24.97,Sitting
355,1.14,0.00,15.01,69.07,24.98,Sitting
348,1.04,0.00,14.86,69.07,24.93,Sitting
364,1.58,0.00,15.07,69.09,24.90,Sitting
349,0.85,0.00,14.75,69.09,24.87,Sitting
343,0.71,0.00,14.65,69.09,24.89,Sitting
339,0.49,0.00,14.59,69.09,24.93,Sitting
335,0.36,0.00,14.46,69.08,24.93,Sitting
330,0.15,0.00,14.29,69.08,24.95,Sitting
328,0.20,0.00,14.31,69.08,24.99,Sitting
350,0.81,0.00,14.65,69.07,25.03,Sitting
367,1.30,0.00,14.91,69.05,24.96,Sitting
364,1.32,0.00,14.68,69.05,24.91,Sitting
352,0.98,0.00,14.58,69.05,25.10,Sitting
344,0.59,0.00,14.51,69.06,25.10,Sitting
341,0.50,0.00,14.46,69.05,25.05,Sitting
360,1.14,0.00,14.80,69.05,25.01,Sitting
374,1.58,0.00,15.03,69.06,24.98,Sitting
386,1.78,0.00,15.22,69.06,24.91,Sitting
395,2.09,0.00,15.36,69.06,24.89,Sitting
375,1.69,0.00,15.08,69.06,24.85,Sitting
364,1.31,0.00,14.92,69.09,24.92,Sitting
356,0.55,0.00,14.73,69.10,24.89,Sitting
349,0.46,0.00,14.60,69.12,24.88,Sitting
343,0.24,0.00,14.49,69.11,24.88,Sitting
361,0.87,0.00,14.75,69.14,24.99,Sitting
378,1.36,0.00,15.03,69.12,24.97,Sitting
389,1.73,0.00,15.21,69.10,24.90,Sitting
396,1.93,0.00,15.12,69.08,24.88,Sitting
381,1.52,0.00,14.98,69.10,24.97,Sitting
368,1.26,0.00,14.86,69.11,24.94,Sitting
361,1.05,0.00,14.79,69.09,24.89,Sitting
356,0.70,0.00,14.75,69.07,24.87,Sitting
374,1.22,0.00,15.06,69.05,24.89,Sitting
388,1.56,0.00,15.26,69.06,24.86,Sitting
399,2.00,0.00,15.40,69.08,24.83,Sitting
409,2.24,0.00,15.52,69.08,24.79,Sitting
393,1.85,0.00,15.28,69.07,24.94,Sitting
380,1.67,0.00,15.12,69.08,24.99,Sitting
370,1.48,0.00,14.97,69.09,24.98,Sitting
359,1.32,0.00,14.78,69.09,24.96,Sitting
356,1.40,0.00,14.35,69.08,25.00,Sitting
374,2.03,0.00,14.70,69.06,24.99,Sitting
389,2.52,0.00,14.97,69.07,24.97,Sitting
376,2.15,0.00,14.85,69.07,24.95,Sitting
369,1.97,0.00,14.78,69.08,25.00,Sitting
362,1.90,0.00,14.36,69.08,25.00,Sitting
356,1.70,0.00,14.35,69.09,24.98,Sitting
352,1.63,0.00,14.28,69.07,24.96,Sitting
372,2.25,0.00,14.67,69.08,24.97,Sitting
387,2.62,0.00,15.01,69.10,24.90,Sitting
387,2.68,0.00,15.01,69.09,24.87,Sitting
400,3.00,0.00,15.19,69.09,24.86,Sitting
386,2.62,0.00,15.02,69.11,24.99,Sitting
377,2.36,0.00,14.92,69.11,25.00,Sitting
367,2.05,0.00,14.78,69.09,24.98,Sitting
360,1.63,0.00,14.75,69.10,24.97,Sitting
380,2.17,0.00,15.06,69.10,25.04,Sitting
393,2.78,0.00,15.25,69.10,25.02,Sitting
405,3.13,0.00,15.49,69.10,24.96,Sitting
390,2.67,0.00,15.23,69.09,24.92,Sitting
377,2.30,0.00,15.06,69.11,24.96,Sitting
365,2.00,0.00,14.94,69.11,24.97,Sitting
357,1.87,0.00,14.83,69.10,24.95,Sitting
350,1.48,0.00,14.65,69.09,24.90,Sitting
370,1.94,0.00,14.97,69.09,24.91,Sitting
386,2.29,0.00,15.21,69.08,24.87,Sitting
398,2.47,0.00,15.40,69.08,24.86,Sitting
408,2.66,0.00,15.56,69.11,24.80,Sitting
392,2.15,0.00,15.38,69.13,24.93,Sitting
378,1.70,0.00,15.21,69.16,24.96,Sitting
367,1.28,0.00,15.08,69.15,24.94,Sitting
354,1.06,0.00,14.94,69.15,24.93,Sitting
374,1.49,0.00,15.19,69.15,25.02,Sitting
389,1.81,0.00,15.37,69.15,24.99,Sitting
401,2.16,0.00,15.55,69.15,24.92,Sitting
388,1.59,0.00,15.27,69.13,24.89,Sitting
374,1.16,0.00,15.15,69.13,24.93,Sitting
351,1.32,0.00,15.01,69.13,24.92,Sitting
347,1.02,0.00,14.89,69.15,24.91,Sitting
337,0.46,0.00,14.65,69.16,24.86,Sitting
357,1.12,0.00,15.00,69.14,24.83,Sitting
375,1.56,0.00,15.29,69.12,24.78,Sitting
389,1.93,0.00,15.51,69.11,24.79,Sitting
399,2.30,0.00,15.62,69.11,24.73,Sitting
386,1.61,0.00,15.36,69.12,24.82,Sitting
377,1.28,0.00,15.22,69.11,24.85,Sitting
371,1.12,0.00,15.09,69.10,24.84,Sitting
363,0.90,0.00,14.92,69.11,24.81,Sitting
383,1.48,0.00,15.08,69.11,24.82,Sitting
400,1.94,0.00,15.33,69.11,24.81,Sitting
409,2.30,0.00,15.52,69.11,24.84,Sitting
390,1.73,0.00,15.17,69.11,24.81,Sitting
377,1.30,0.00,15.05,69.09,24.86,Sitting
363,0.89,0.00,14.83,69.09,24.87,Sitting
358,0.66,0.00,14.71,69.10,24.83,Sitting
351,0.40,0.00,14.97,69.11,24.81,Sitting
371,0.87,0.00,15.21,69.11,24.87,Sitting
386,1.31,0.00,15.42,69.13,24.86,Sitting
398,1.65,0.00,15.52,69.13,24.85,Sitting
411,1.90,0.00,15.66,69.13,24.79,Sitting
396,1.36,0.00,15.40,69.12,24.93,Sitting
382,0.90,0.00,15.12,69.11,24.96,Sitting
373,0.61,0.00,14.85,69.11,24.95,Sitting
364,0.28,0.00,14.52,69.11,24.93,Sitting
381,0.84,0.00,14.70,69.11,24.97,Sitting
384,0.84,0.00,14.76,69.12,24.94,Sitting
399,1.29,0.00,14.89,69.12,24.93,Sitting
384,0.89,0.00,14.56,69.11,24.91,Sitting
377,0.73,0.00,14.32,69.09,24.96,Sitting
367,0.50,0.00,14.20,69.08,24.97,Sitting
361,0.37,0.00,14.09,69.07,24.97,Sitting
354,0.15,0.00,13.91,69.05,24.94,Sitting
376,0.80,0.00,14.25,69.06,24.95,Sitting
392,1.38,0.00,14.50,69.07,24.89,Sitting
407,1.78,0.00,14.77,69.07,24.87,Sitting
419,2.07,0.00,14.93,69.07,24.80,Sitting
406,1.60,0.00,14.71,69.07,24.94,Sitting
394,1.32,0.00,14.54,69.09,24.96,Sitting
385,1.21,0.00,14.37,69.09,24.94,Sitting
379,0.88,0.00,14.24,69.09,24.92,Sitting
394,1.37,0.00,14.55,69.08,24.98,Sitting
409,1.76,0.00,14.75,69.09,24.97,Sitting
420,2.01,0.00,14.91,69.09,24.89,Sitting
427,2.32,0.00,15.10,69.09,24.87,Sitting
409,1.76,0.00,14.85,69.11,25.00,Sitting
391,1.25,0.00,14.61,69.12,25.01,Sitting
380,0.85,0.00,14.45,69.10,24.96,Sitting
371,0.30,0.00,14.31,69.08,24.92,Sitting
389,0.43,0.00,14.56,69.10,24.96,Sitting
404,0.66,0.00,14.77,69.10,24.89,Sitting
413,0.95,0.00,14.87,69.09,24.86,Sitting
422,1.38,0.00,15.02,69.10,24.79,Sitting
403,0.39,0.00,14.74,69.13,24.90,Sitting
390,0.31,0.00,14.52,69.12,24.87,Sitting
377,0.13,0.00,14.41,69.12,24.83,Sitting
369,0.11,0.00,14.28,69.11,24.82,Sitting
384,0.80,0.00,14.59,69.09,24.90,Sitting
397,1.64,0.00,14.77,69.07,24.91,Sitting
407,1.99,0.00,14.93,69.07,24.84,Sitting
391,1.59,0.00,14.51,69.09,24.81,Sitting
382,1.21,0.00,14.41,69.09,24.93,Sitting
370,0.96,0.00,14.26,69.08,24.92,Sitting
362,0.79,0.00,14.14,69.10,24.88,Sitting
358,0.76,0.00,13.96,69.12,24.86,Sitting
377,1.55,0.00,14.30,69.10,24.92,Sitting
392,2.00,0.00,14.55,69.11,24.90,Sitting
391,1.87,0.00,14.27,69.10,24.88,Sitting
378,1.36,0.00,14.07,69.11,24.90,Sitting
367,0.86,0.00,13.98,69.12,24.93,Sitting
361,0.57,0.00,13.95,69.11,24.94,Sitting
359,0.34,0.00,13.88,69.12,24.93,Sitting
351,0.11,0.00,13.85,69.11,24.92,Sitting
372,0.76,0.00,14.18,69.10,25.03,Sitting
365,0.47,0.00,14.14,69.09,25.01,Sitting
378,0.98,0.00,14.34,69.09,24.98,Sitting
363,0.64,0.00,14.19,69.07,24.95,Sitting
351,0.48,0.00,14.08,69.06,25.10,Sitting
342,0.35,0.00,14.00,69.06,25.06,Sitting
337,0.14,0.00,13.96,69.06,25.02,Sitting
360,0.84,0.00,14.29,69.07,24.97,Sitting
374,0.82,0.00,14.36,69.08,24.93,Sitting
387,1.31,0.00,14.61,69.08,24.91,Sitting
369,0.96,0.00,14.89,69.07,24.88,Sitting
363,0.78,0.00,14.68,69.06,24.85,Sitting
355,0.65,0.00,14.54,69.06,24.93,Sitting
350,0.69,0.00,14.42,69.06,24.96,Sitting
345,0.77,0.00,14.39,69.06,24.99,Sitting
339,0.62,0.00,14.29,69.04,24.97,Sitting
362,1.33,0.00,14.57,69.03,24.98,Sitting
342,0.32,0.00,14.38,69.02,24.96,Sitting
367,1.06,0.00,14.66,69.03,24.97,Sitting
357,0.96,0.00,14.45,69.02,24.94,Sitting
351,0.90,0.00,14.35,69.04,25.06,Sitting
348,0.88,0.00,14.28,69.04,25.02,Sitting
344,0.83,0.00,14.38,69.05,24.99,Sitting
365,1.52,0.00,14.66,69.06,24.96,Sitting
381,2.11,0.00,14.86,69.10,24.92,Sitting
394,2.48,0.00,15.04,69.09,24.89,Sitting
382,2.16,0.00,14.83,69.08,24.86,Sitting
367,1.87,0.00,14.59,69.08,24.88,Sitting
365,1.57,0.00,14.47,69.07,24.98,Sitting
356,1.35,0.00,14.38,69.07,24.94,Sitting
354,1.24,0.00,14.37,69.08,24.91,Sitting
365,1.54,0.00,14.22,69.08,24.86,Sitting
384,2.06,0.00,14.53,69.09,24.87,Sitting
367,1.68,0.00,14.30,69.07,24.84,Sitting
380,2.21,0.00,14.60,69.06,24.81,Sitting
365,1.96,0.00,14.45,69.08,24.76,Sitting
351,1.87,0.00,14.36,69.10,24.85,Sitting
346,1.75,0.00,14.36,69.11,24.81,Sitting
338,1.47,0.00,14.27,69.11,24.78,Sitting
357,2.12,0.00,14.59,69.09,24.75,Sitting
349,1.72,0.00,14.32,69.08,24.78,Sitting
366,2.29,0.00,14.63,69.10,24.79,Sitting
350,2.02,0.00,15.04,69.12,24.77,Sitting
343,1.88,0.00,14.83,69.11,24.76,Sitting
336,1.68,0.00,14.74,69.12,24.90,Sitting
330,1.65,0.00,14.66,69.12,24.87,Sitting
324,1.60,0.00,14.54,69.11,24.88,Sitting
320,1.69,0.00,14.52,69.13,24.83,Sitting
342,2.41,0.00,14.84,69.13,24.79,Sitting
337,2.44,0.00,14.79,69.13,24.77,Sitting
350,3.07,0.00,15.02,69.11,24.78,Sitting
341,2.91,0.00,14.83,69.12,24.76,Sitting
335,2.89,0.00,14.73,69.13,24.89,Sitting
334,2.94,0.00,14.63,69.12,24.86,Sitting
328,2.87,0.00,14.52,69.14,24.83,Sitting
326,2.98,0.00,14.43,69.15,24.82,Sitting
323,3.32,0.00,14.19,69.16,24.79,Sitting
344,3.91,0.00,14.53,69.14,24.77,Sitting
355,4.49,0.00,14.83,69.13,24.78,Sitting
343,4.25,0.00,14.67,69.12,24.76,Sitting
336,3.98,0.00,14.55,69.11,24.89,Sitting
331,3.74,0.00,14.35,69.11,24.86,Sitting
326,3.59,0.00,14.36,69.13,24.82,Sitting
349,4.15,0.00,14.72,69.14,24.80,Sitting
365,4.64,0.00,14.96,69.13,24.78,Sitting
377,4.94,0.00,15.15,69.11,24.72,Sitting
382,5.19,0.00,15.32,69.10,24.69,Sitting
365,4.69,0.00,15.00,69.08,24.64,Sitting
352,4.30,0.00,14.84,69.09,24.67,Sitting
342,4.01,0.00,14.71,69.08,24.69,Sitting
337,3.86,0.00,14.59,69.09,24.66,Sitting
328,3.58,0.00,14.52,69.09,24.66,Sitting
349,4.07,0.00,14.86,69.07,24.74,Sitting
363,4.47,0.00,15.07,69.07,24.77,Sitting
375,4.82,0.00,15.34,69.08,24.75,Sitting
361,4.29,0.00,15.10,69.09,24.72,Sitting
349,3.94,0.00,14.91,69.09,24.73,Sitting
347,3.76,0.00,14.78,69.10,24.74,Sitting
338,3.50,0.00,14.75,69.12,24.72,Sitting
329,3.12,0.00,14.49,69.11,24.69,Sitting
349,3.53,0.00,14.78,69.10,24.71,Sitting
338,3.14,0.00,15.13,69.09,24.70,Sitting
355,3.61,0.00,15.30,69.07,24.68,Sitting
368,3.94,0.00,15.43,69.05,24.63,Sitting
355,3.52,0.00,15.18,69.08,24.74,Sitting
354,3.27,0.00,14.94,69.08,24.76,Sitting
345,3.17,0.00,14.84,69.10,24.75,Sitting
338,2.80,0.00,14.74,69.12,24.75,Sitting
357,3.41,0.00,14.97,69.15,24.85,Sitting
372,3.88,0.00,15.21,69.16,24.82,Sitting
386,4.26,0.00,15.35,69.15,24.75,Sitting
381,4.05,0.00,15.24,69.15,24.74,Sitting
367,3.34,0.00,14.98,69.15,24.82,Sitting
355,3.10,0.00,14.86,69.13,24.83,Sitting
346,2.97,0.00,14.71,69.14,24.80,Sitting
336,2.77,0.00,14.56,69.16,24.78,Sitting
334,2.71,0.00,14.47,69.18,24.91,Sitting
354,3.30,0.00,14.76,69.21,24.87,Sitting
370,2.89,0.00,14.98,69.23,24.89,Sitting
356,1.62,0.00,14.74,69.21,24.93,Sitting
345,0.90,0.00,14.65,69.19,25.03,Sitting
340,0.28,0.00,14.53,69.15,24.98,Sitting
334,0.00,0.00,14.36,69.12,24.90,Sitting
329,0.00,0.00,14.17,69.07,24.87,Sitting
345,0.08,0.00,14.43,69.04,24.87,Sitting
358,0.29,0.00,14.59,69.02,24.81,Sitting
364,0.68,0.00,14.71,69.00,24.77,Sitting
339,0.00,0.00,14.52,68.96,24.70,Sitting
330,0.00,0.00,14.46,68.96,24.79,Sitting
319,0.00,0.00,14.32,68.95,24.73,Sitting
312,0.00,0.00,14.13,68.93,24.65,Sitting
334,0.15,0.00,14.35,68.92,24.58,Sitting
327,0.12,0.00,14.35,68.91,24.55,Sitting
344,0.40,0.00,14.45,68.90,24.54,Sitting
361,0.77,0.00,14.51,68.89,24.54,Sitting
344,0.20,0.00,13.88,68.89,24.54,Sitting
334,0.00,0.00,13.76,68.89,24.57,Sitting
327,0.00,0.00,13.70,68.89,24.61,Sitting
321,0.00,0.00,13.63,68.90,24.60,Sitting
314,0.00,0.00,13.59,68.90,24.59,Sitting
336,0.14,0.00,13.90,68.89,24.64,Sitting
327,0.00,0.00,13.77,68.88,24.61,Sitting
345,0.00,0.00,14.04,68.86,24.57,Sitting
333,0.00,0.00,13.93,68.84,24.53,Sitting
328,0.00,0.00,13.84,68.80,24.53,Sitting
322,0.00,0.00,13.76,68.79,24.51,Sitting
317,0.00,0.00,13.89,68.79,24.48,Sitting
313,0.00,0.00,13.80,68.80,24.45,Sitting
333,0.00,0.00,14.08,68.82,24.53,Sitting
349,0.00,0.00,14.29,68.82,24.50,Sitting
359,0.00,0.00,14.46,68.83,24.45,Sitting
373,0.10,0.00,14.60,68.83,24.44,Sitting
356,0.21,0.00,14.37,68.84,24.57,Sitting
349,0.18,0.00,14.11,68.85,24.58,Sitting
343,0.00,0.00,13.89,68.84,24.56,Sitting
339,0.00,0.00,13.55,68.86,24.55,Sitting
358,0.49,0.00,13.79,68.87,24.54,Sitting
374,1.26,0.00,14.10,68.86,24.53,Sitting
388,1.55,0.00,14.19,68.84,24.51,Sitting
397,1.75,0.00,14.29,68.83,24.43,Sitting
380,1.18,0.00,14.00,68.82,24.55,Sitting
378,0.71,0.00,13.76,68.80,24.53,Sitting
367,0.33,0.00,13.61,68.81,24.50,Sitting
357,0.00,0.00,13.22,68.80,24.53,Sitting
356,0.00,0.00,13.23,68.80,24.61,Sitting
377,0.00,0.00,13.56,68.79,24.60,Sitting
371,0.00,0.00,13.46,68.77,24.58,Sitting
364,0.00,0.00,13.47,68.75,24.56,Sitting
358,0.00,0.00,13.37,68.75,24.58,Sitting
357,0.00,0.00,13.35,68.78,24.60,Sitting
359,0.00,0.00,13.33,68.78,24.58,Sitting
357,0.00,0.00,13.23,68.75,24.57,Sitting
380,0.00,0.00,13.53,68.77,24.65,Sitting
399,0.00,0.00,13.85,68.76,24.62,Sitting
414,0.00,0.00,14.02,68.75,24.56,Sitting
398,0.00,0.00,13.79,68.75,24.54,Sitting
388,0.00,0.00,13.68,68.75,24.59,Sitting
382,0.00,0.00,13.52,68.74,24.60,Sitting
376,0.00,0.00,13.38,68.73,24.58,Sitting
367,0.00,0.00,13.43,68.73,24.56,Sitting
367,0.00,0.00,12.92,68.76,24.62,Sitting
383,0.64,0.00,13.35,68.78,24.67,Sitting
365,0.36,0.00,13.28,68.84,24.72,Sitting
349,0.19,0.00,13.25,68.88,24.79,Sitting
342,0.30,0.00,13.29,68.92,25.02,Sitting
335,0.28,0.00,13.28,68.92,25.04,Sitting
329,0.26,0.00,13.29,68.92,24.99,Sitting
324,0.22,0.00,13.29,68.96,24.96,Sitting
339,0.93,0.00,13.59,69.03,25.00,Sitting
330,0.90,0.00,13.51,69.07,25.03,Sitting
354,1.40,0.00,13.76,68.99,25.09,Sitting
344,1.11,0.00,13.62,68.90,25.14,Sitting
330,0.79,0.00,13.50,68.85,25.22,Sitting
317,0.55,0.00,13.41,68.80,25.12,Sitting
314,0.27,0.00,13.42,68.78,25.00,Sitting
331,0.82,0.00,13.76,68.79,24.86,Sitting
341,1.11,0.00,14.01,68.81,24.74,Sitting
343,1.44,0.00,14.25,68.82,24.58,Sitting
316,0.97,0.00,14.00,68.85,24.47,Sitting
299,0.30,0.00,13.76,68.88,24.38,Sitting
286,0.00,0.00,13.63,68.92,24.40,Sitting
278,0.00,0.00,13.55,68.97,24.40,Sitting
275,0.00,0.00,13.50,68.99,24.37,Sitting
275,0.00,0.00,13.34,69.01,24.39,Sitting
298,0.32,0.00,13.71,69.01,24.40,Sitting
292,0.40,0.00,13.67,69.01,24.43,Sitting
310,0.91,0.00,13.95,69.01,24.46,Sitting
299,0.72,0.00,13.95,69.03,24.47,Sitting
295,0.70,0.00,13.88,69.02,24.59,Sitting
292,0.62,0.00,13.92,69.03,24.63,Sitting
291,0.68,0.00,13.92,69.05,24.64,Sitting
286,0.62,0.00,13.63,69.07,24.64,Sitting
306,1.28,0.00,13.96,69.08,24.73,Sitting
324,1.82,0.00,14.27,69.04,24.70,Sitting
340,2.24,0.00,14.45,69.02,24.75,Sitting
349,2.69,0.00,14.66,69.01,24.74,Sitting
328,2.16,0.00,14.50,68.99,24.91,Sitting
317,1.79,0.00,14.29,69.00,24.96,Sitting
304,1.59,0.00,14.15,68.97,24.99,Sitting
293,1.46,0.00,13.91,68.96,25.01,Sitting
311,2.07,0.00,14.22,68.95,25.09,Sitting
306,1.78,0.00,14.05,68.95,25.09,Sitting
318,2.29,0.00,14.27,68.93,25.06,Sitting
301,1.84,0.00,14.06,68.93,25.03,Sitting
282,1.35,0.00,13.97,68.93,25.07,Sitting
268,1.18,0.00,13.90,68.93,25.04,Sitting
247,0.64,0.00,13.58,68.94,24.88,Sitting
273,1.23,0.00,13.95,68.93,24.84,Sitting
294,1.69,0.00,14.20,68.92,24.83,Sitting
309,2.03,0.00,14.39,68.92,24.76,Sitting
288,1.39,0.00,14.11,68.91,24.72,Sitting
282,1.12,0.00,13.95,68.92,24.71,Sitting
275,1.01,0.00,13.83,68.92,24.72,Sitting
270,0.98,0.00,13.73,68.91,24.68,Sitting
260,0.74,0.00,13.49,68.91,24.68,Sitting
284,1.41,0.00,13.88,68.92,24.65,Sitting
281,1.50,0.00,13.85,68.94,24.60,Sitting
298,2.11,0.00,14.11,68.95,24.56,Sitting
312,2.57,0.00,14.27,68.96,24.53,Sitting
300,2.31,0.00,14.11,68.96,24.62,Sitting
283,2.12,0.00,13.97,68.96,24.63,Sitting
272,2.00,0.00,13.84,68.94,24.59,Sitting
268,1.81,0.00,13.57,68.95,24.55,Sitting
289,2.42,0.00,13.91,68.95,24.54,Sitting
308,2.90,0.00,14.14,68.96,24.48,Sitting
321,3.33,0.00,14.37,68.95,24.40,Sitting
308,2.66,0.00,14.35,68.92,24.36,Sitting
298,2.29,0.00,14.19,68.92,24.45,Sitting
291,2.03,0.00,14.08,68.93,24.45,Sitting
286,1.98,0.00,13.94,68.94,24.41,Sitting
293,1.99,0.00,13.76,68.94,24.36,Sitting
310,2.50,0.00,14.04,68.94,24.41,Sitting
323,2.87,0.00,14.25,68.94,24.43,Sitting
307,3.04,0.00,13.74,68.97,24.39,Sitting
293,2.39,0.00,13.56,68.97,24.39,Sitting
288,2.08,0.00,13.51,68.98,24.52,Sitting
283,1.87,0.00,13.49,69.01,24.54,Sitting
280,1.79,0.00,13.46,69.03,24.49,Sitting
279,1.71,0.00,13.49,69.04,24.47,Sitting
301,2.26,0.00,13.81,69.05,24.45,Sitting
319,2.47,0.00,13.83,69.03,24.41,Sitting
336,2.83,0.00,14.10,69.02,24.43,Sitting
323,2.42,0.00,13.93,69.02,24.41,Sitting
313,2.04,0.00,13.81,69.01,24.50,Sitting
308,1.80,0.00,13.74,69.00,24.47,Sitting
307,1.66,0.00,13.67,69.00,24.44,Sitting
304,1.69,0.00,13.63,69.00,24.40,Sitting
326,2.28,0.00,13.93,69.01,24.38,Sitting
342,2.75,0.00,14.18,69.02,24.36,Sitting
359,3.09,0.00,14.39,69.05,24.33,Sitting
342,2.51,0.00,14.04,69.07,24.29,Sitting
330,2.19,0.00,13.93,69.07,24.34,Sitting
322,1.89,0.00,13.84,69.05,24.37,Sitting
316,1.45,0.00,13.75,69.04,24.35,Sitting
314,1.51,0.00,14.00,69.03,24.33,Sitting
336,1.59,0.00,14.30,69.01,24.39,Sitting
334,1.13,0.00,14.10,69.00,24.36,Sitting
348,1.35,0.00,14.31,68.98,24.32,Sitting
332,0.00,0.00,13.98,68.97,24.30,Sitting
322,0.00,0.00,13.83,68.97,24.29,Sitting
314,0.00,0.00,13.70,68.98,24.30,Sitting
309,0.16,0.00,13.58,68.96,24.26,Sitting
301,0.40,0.00,13.64,68.98,24.21,Sitting
321,1.14,0.00,14.10,68.98,24.24,Sitting
339,1.72,0.00,14.37,68.97,24.24,Sitting
342,0.98,0.00,14.41,69.01,24.22,Sitting
329,0.83,0.00,14.17,69.02,24.18,Sitting
318,0.87,0.00,14.20,69.00,24.19,Sitting
302,0.98,0.00,14.10,69.00,24.20,Sitting
298,1.03,0.00,14.03,69.01,24.17,Sitting
295,0.98,0.00,14.03,68.99,24.15,Sitting
319,1.71,0.00,14.34,69.02,24.27,Sitting
313,1.59,0.00,14.27,69.03,24.25,Sitting
334,2.18,0.00,14.53,69.03,24.25,Sitting
326,2.01,0.00,14.20,69.03,24.25,Sitting
320,1.93,0.00,14.13,69.02,24.29,Sitting
314,1.83,0.00,14.07,69.01,24.29,Sitting
312,1.76,0.00,14.12,69.01,24.27,Sitting
304,1.51,0.00,14.37,69.00,24.26,Sitting
329,2.19,0.00,14.63,68.99,24.26,Sitting
349,2.73,0.00,14.84,68.97,24.30,Sitting
322,2.89,0.00,14.60,68.97,24.28,Sitting
309,2.44,0.00,14.38,68.97,24.25,Sitting
303,2.33,0.00,14.24,68.99,24.30,Sitting
297,2.18,0.00,14.18,68.97,24.30,Sitting
293,2.06,0.00,14.11,68.95,24.26,Sitting
289,1.85,0.00,14.09,68.94,24.21,Sitting
310,2.48,0.00,14.40,68.95,24.18,Sitting
328,2.99,0.00,14.64,68.93,24.15,Sitting
341,3.45,0.00,14.84,68.92,24.13,Sitting
351,3.76,0.00,15.00,68.91,24.08,Sitting
329,3.42,0.00,14.76,68.93,24.18,Sitting
322,3.19,0.00,14.58,68.93,24.19,Sitting
311,2.89,0.00,14.37,68.95,24.18,Sitting
302,2.66,0.00,14.20,68.92,24.16,Sitting
321,3.19,0.00,14.51,68.93,24.17,Sitting
310,2.84,0.00,14.33,68.96,24.14,Sitting
324,3.18,0.00,14.54,68.97,24.11,Sitting
324,2.08,0.00,14.59,68.96,24.07,Sitting
310,1.92,0.00,14.40,68.96,24.21,Sitting
302,1.75,0.00,14.17,68.93,24.20,Sitting
298,1.47,0.00,13.98,68.92,24.19,Sitting
295,1.16,0.00,13.82,68.91,24.16,Sitting
313,1.77,0.00,14.08,68.92,24.25,Sitting
323,2.29,0.00,14.30,68.92,24.21,Sitting
327,2.70,0.00,14.53,68.91,24.19,Sitting
331,2.92,0.00,14.58,68.91,24.13,Sitting
307,2.63,0.00,14.26,68.93,24.22,Sitting
290,2.32,0.00,14.04,68.93,24.23,Sitting
276,2.10,0.00,13.97,68.90,24.22,Sitting
264,1.92,0.00,13.76,68.89,24.19,Sitting
280,2.57,0.00,14.15,68.89,24.23,Sitting
291,2.98,0.00,14.45,68.89,24.20,Sitting
300,3.35,0.00,14.73,68.89,24.13,Sitting
303,3.28,0.00,14.71,68.88,24.07,Sitting
279,2.78,0.00,14.54,68.90,24.10,Sitting
265,2.45,0.00,14.72,68.91,24.06,Sitting
255,2.34,0.00,14.56,68.89,24.04,Sitting
240,2.24,0.00,14.45,68.89,24.02,Sitting
256,2.74,0.00,14.74,68.89,24.04,Sitting
268,3.17,0.00,15.00,68.88,24.02,Sitting
280,3.58,0.00,15.21,68.87,24.02,Sitting
290,3.93,0.00,15.39,68.87,23.96,Sitting
276,3.44,0.00,15.14,68.86,23.96,Sitting
265,3.16,0.00,14.97,68.88,23.99,Sitting
256,2.81,0.00,14.79,68.88,23.96,Sitting
251,2.53,0.00,14.65,68.89,23.96,Sitting
272,3.09,0.00,14.94,68.88,23.98,Sitting
292,3.44,0.00,15.12,68.88,24.04,Sitting
306,3.83,0.00,15.28,68.89,24.03,Sitting
316,4.08,0.00,15.43,68.90,24.04,Sitting
293,3.64,0.00,15.17,68.88,24.03,Sitting
278,3.22,0.00,15.01,68.88,24.05,Sitting
278,3.06,0.00,14.84,68.88,24.01,Sitting
265,3.15,0.00,14.66,68.88,23.95,Sitting
282,3.54,0.00,14.91,68.88,23.90,Sitting
292,3.88,0.00,15.11,68.88,23.85,Sitting
302,4.14,0.00,15.27,68.86,23.89,Sitting
311,4.44,0.00,15.41,68.85,23.87,Sitting
292,3.86,0.00,15.19,68.86,23.85,Sitting
272,3.39,0.00,15.06,68.85,23.88,Sitting
259,3.03,0.00,15.00,68.85,23.88,Sitting
249,2.75,0.00,14.90,68.86,23.85,Sitting
242,2.55,0.00,14.74,68.87,23.86,Sitting
261,3.07,0.00,15.02,68.88,23.84,Sitting
243,2.78,0.00,14.77,68.89,23.83,Sitting
266,3.15,0.00,15.03,68.90,23.82,Sitting
253,2.11,0.00,14.95,68.92,23.77,Sitting
250,1.65,0.00,14.83,68.93,23.78,Sitting
242,1.31,0.00,14.52,68.92,23.75,Sitting
227,1.05,0.00,14.47,68.91,23.74,Sitting
255,1.71,0.00,14.78,68.91,23.74,Sitting
278,2.31,0.00,15.05,68.93,23.73,Sitting
296,2.74,0.00,15.25,68.93,23.73,Sitting
312,3.08,0.00,15.40,68.94,23.70,Sitting
300,2.76,0.00,15.20,68.95,23.73,Sitting
292,2.51,0.00,15.06,68.93,23.80,Sitting
285,2.20,0.00,14.91,68.95,23.81,Sitting
278,1.93,0.00,14.71,68.95,23.81,Sitting
261,2.15,0.00,14.77,68.97,23.78,Sitting
281,2.67,0.00,15.08,68.97,23.73,Sitting
296,3.03,0.00,15.27,69.00,23.65,Sitting
308,3.29,0.00,15.45,69.01,23.61,Sitting
284,2.82,0.00,15.18,69.00,23.56,Sitting
265,2.44,0.00,14.96,69.02,23.63,Sitting
252,2.25,0.00,14.86,69.03,23.66,Sitting
243,2.07,0.00,14.78,69.04,23.66,Sitting
263,2.61,0.00,15.08,69.00,23.68,Sitting
280,3.17,0.00,15.31,68.99,23.71,Sitting
291,3.63,0.00,15.53,68.96,23.74,Sitting
302,3.85,0.00,15.67,68.96,23.72,Sitting
290,3.24,0.00,15.49,68.96,23.71,Sitting
278,2.45,0.00,15.27,68.96,23.68,Sitting
265,2.12,0.00,15.09,68.97,23.67,Sitting
259,2.03,0.00,14.95,68.95,23.65,Sitting
250,1.78,0.00,15.00,68.95,23.65,Sitting
267,2.32,0.00,15.29,68.95,23.73,Sitting
261,2.52,0.00,15.12,68.92,23.73,Sitting
276,2.91,0.00,15.34,68.90,23.77,Sitting
259,2.40,0.00,15.15,68.90,23.77,Sitting
252,2.09,0.00,15.07,68.92,23.79,Sitting
243,1.79,0.00,14.94,68.94,23.77,Sitting
236,1.69,0.00,14.83,68.92,23.74,Sitting
225,1.70,0.00,14.81,68.93,23.72,Sitting
216,2.42,0.00,15.11,68.93,23.79,Sitting
235,2.83,0.00,15.32,68.92,23.76,Sitting
250,3.15,0.00,15.49,68.93,23.71,Sitting
264,3.41,0.00,15.60,68.92,23.71,Sitting
256,3.03,0.00,15.44,68.90,23.81,Sitting
246,2.60,0.00,15.29,68.90,23.85,Sitting
241,2.62,0.00,15.11,68.92,23.85,Sitting
234,2.26,0.00,14.96,68.92,23.84,Sitting
256,2.72,0.00,15.18,68.92,23.92,Sitting
274,3.18,0.00,15.43,68.92,23.91,Sitting
290,3.48,0.00,15.62,68.94,23.90,Sitting
300,3.54,0.00,15.42,68.95,23.85,Sitting
284,3.09,0.00,15.20,68.93,23.95,Sitting
275,2.68,0.00,15.07,68.90,23.99,Sitting
268,2.36,0.00,14.90,68.89,23.97,Sitting
257,2.14,0.00,14.67,68.86,23.97,Sitting
276,2.62,0.00,14.95,68.87,24.01,Sitting
288,3.02,0.00,15.19,68.88,23.97,Sitting
299,3.39,0.00,15.38,68.87,23.89,Sitting
307,3.18,0.00,15.27,68.88,23.84,Sitting
292,2.77,0.00,15.11,68.87,23.94,Sitting
268,2.31,0.00,14.95,68.90,23.94,Sitting
260,2.03,0.00,14.87,68.92,23.91,Sitting
253,1.85,0.00,14.75,68.92,23.90,Sitting
274,2.44,0.00,15.07,68.90,23.93,Sitting
293,2.78,0.00,15.29,68.92,23.91,Sitting
304,2.82,0.00,15.47,68.92,23.90,Sitting
312,2.96,0.00,15.56,68.92,23.84,Sitting
291,2.10,0.00,15.39,68.92,24.10,Sitting
280,1.83,0.00,15.17,68.92,24.14,Sitting
269,1.90,0.00,14.95,68.94,24.13,Sitting
287,2.42,0.00,15.10,68.94,24.12,Sitting
307,2.87,0.00,15.21,68.94,24.13,Sitting
319,3.24,0.00,15.36,68.92,24.15,Sitting
330,3.50,0.00,15.42,68.90,24.14,Sitting
313,3.27,0.00,15.04,68.87,24.18,Sitting
298,2.83,0.00,14.78,68.85,24.23,Sitting
283,2.44,0.00,14.61,68.85,24.22,Sitting
275,2.17,0.00,14.52,68.85,24.20,Sitting
263,1.15,0.00,14.37,68.85,24.16,Sitting
270,1.73,0.00,14.69,68.85,24.13,Sitting
268,2.15,0.00,14.95,68.89,24.06,Sitting
264,2.46,0.00,15.01,68.90,23.98,Sitting
262,3.05,0.00,15.01,68.90,23.96,Sitting
241,2.45,0.00,14.66,68.92,24.02,Sitting
222,2.09,0.00,14.45,68.88,24.02,Sitting
200,1.83,0.00,14.26,68.83,24.00,Sitting
179,1.45,0.00,14.09,68.77,23.99,Sitting
179,2.06,0.00,14.27,68.75,24.08,Sitting
153,2.11,0.00,13.25,68.74,24.03,Sitting
157,1.95,0.00,13.28,68.73,24.01,Sitting
129,1.55,0.00,13.42,68.72,23.96,Sitting
107,1.10,0.00,13.22,68.76,24.06,Sitting
88,0.09,0.00,13.08,68.82,24.01,Sitting
71,0.00,0.00,12.94,68.87,23.93,Sitting
83,0.35,0.00,13.21,68.88,23.88,Sitting
93,0.75,0.00,13.70,68.87,23.87,Sitting
100,1.08,0.00,14.09,68.86,23.79,Sitting
110,1.47,0.00,14.46,68.87,23.73,Sitting
90,0.75,0.00,14.21,68.86,23.64,Sitting
78,0.77,0.00,13.71,68.83,23.64,Sitting
68,0.59,0.00,13.49,68.84,23.65,Sitting
69,0.58,0.00,13.13,68.83,23.63,Sitting
67,0.41,0.00,12.60,68.83,23.62,Sitting
89,0.91,0.00,12.94,68.82,23.72,Sitting
84,0.63,0.00,12.51,68.78,23.70,Sitting
99,1.11,0.00,13.11,68.78,23.69,Sitting
88,0.78,0.00,12.75,68.75,23.67,Sitting
82,0.61,0.00,12.53,68.73,23.70,Sitting
73,0.47,0.00,12.17,68.70,23.66,Sitting
72,0.27,0.00,11.84,68.67,23.64,Sitting
60,0.06,0.00,11.56,68.64,23.61,Sitting
48,0.00,0.00,11.21,68.62,23.63,Sitting
65,0.44,0.00,12.00,68.63,23.57,Sitting
52,0.36,0.00,12.20,68.65,23.51,Sitting
53,0.60,0.00,12.30,68.67,23.48,Sitting
42,0.32,0.00,12.41,68.67,23.64,Sitting
35,0.31,0.00,12.45,68.69,23.56,Sitting
28,0.10,0.00,12.57,68.69,23.52,Sitting
30,0.57,0.00,13.06,68.66,23.44,Sitting
42,1.01,0.00,13.45,68.65,23.40,Sitting
47,1.39,0.00,13.73,68.65,23.32,Sitting
62,1.69,0.00,13.79,68.66,23.29,Sitting
49,0.82,0.00,13.45,68.66,23.30,Sitting
39,1.00,0.00,12.93,68.65,23.43,Sitting
31,0.65,0.00,13.00,68.62,23.47,Sitting
25,0.81,0.00,12.97,68.63,23.47,Sitting
43,1.40,0.00,13.32,68.61,23.47,Sitting
59,1.86,0.00,13.60,68.60,23.52,Sitting
73,2.15,0.00,13.82,68.59,23.51,Sitting
82,2.38,0.00,14.00,68.57,23.54,Sitting
67,1.94,0.00,13.79,68.56,23.51,Sitting
59,1.55,0.00,13.60,68.59,23.62,Sitting
49,0.79,0.00,13.48,68.61,23.56,Sitting
48,0.79,0.00,13.37,68.63,23.50,Sitting
45,0.73,0.00,13.62,68.62,23.47,Sitting
68,1.35,0.00,13.93,68.58,23.51,Sitting
86,1.86,0.00,14.16,68.57,23.55,Sitting
86,1.95,0.00,13.82,68.58,23.52,Sitting
74,1.36,0.00,13.39,68.56,23.49,Sitting
64,1.25,0.00,13.28,68.57,23.58,Sitting
54,1.16,0.00,13.27,68.56,23.60,Sitting
46,0.93,0.00,13.34,68.56,23.56,Sitting
67,1.50,0.00,13.69,68.55,23.51,Sitting
83,1.95,0.00,14.02,68.54,23.46,Sitting
70,1.42,0.00,13.94,68.55,23.41,Sitting
84,1.74,0.00,14.18,68.56,23.37,Sitting
69,1.48,0.00,13.96,68.58,23.33,Sitting
61,1.19,0.00,13.69,68.56,23.42,Sitting
54,0.87,0.00,13.60,68.56,23.41,Sitting
48,0.70,0.00,13.52,68.55,23.40,Sitting
67,1.32,0.00,13.92,68.55,23.38,Sitting
57,1.47,0.00,13.39,68.55,23.37,Sitting
76,1.61,0.00,13.71,68.58,23.39,Sitting
93,1.75,0.00,13.86,68.59,23.35,Sitting
82,1.23,0.00,13.73,68.62,23.33,Sitting
71,0.90,0.00,13.63,68.64,23.41,Sitting
62,0.63,0.00,13.56,68.64,23.36,Sitting
59,0.47,0.00,13.49,68.63,23.34,Sitting
48,0.00,0.00,13.42,68.61,23.31,Sitting
74,0.07,0.00,13.86,68.59,23.34,Sitting
98,0.79,0.00,14.12,68.59,23.32,Sitting
113,1.35,0.00,14.32,68.56,23.30,Sitting
90,0.96,0.00,14.11,68.53,23.25,Sitting
80,0.88,0.00,13.96,68.57,23.38,Sitting
69,0.73,0.00,13.90,68.59,23.39,Sitting
61,0.66,0.00,13.83,68.61,23.35,Sitting
78,1.29,0.00,14.12,68.59,23.33,Sitting
94,1.79,0.00,14.35,68.60,23.35,Sitting
111,2.16,0.00,14.53,68.59,23.31,Sitting
121,2.47,0.00,14.67,68.59,23.25,Sitting
100,1.93,0.00,14.36,68.58,23.21,Sitting
93,1.68,0.00,14.36,68.56,23.35,Sitting
85,1.48,0.00,14.21,68.56,23.36,Sitting
78,1.64,0.00,14.09,68.54,23.34,Sitting
94,2.05,0.00,14.41,68.54,23.30,Sitting
97,2.20,0.00,14.37,68.55,23.30,Sitting
108,2.53,0.00,14.60,68.55,23.28,Sitting
125,2.79,0.00,14.84,68.55,23.23,Sitting
100,2.39,0.00,14.63,68.54,23.17,Sitting
84,1.95,0.00,14.43,68.55,23.23,Sitting
74,1.82,0.00,14.35,68.53,23.21,Sitting
73,1.60,0.00,14.27,68.54,23.19,Sitting
75,1.09,0.00,14.32,68.55,23.17,Sitting
95,1.61,0.00,14.54,68.55,23.14,Sitting
89,0.58,0.00,14.31,68.58,23.13,Sitting
106,1.19,0.00,14.54,68.58,23.15,Sitting
96,1.12,0.00,14.35,68.59,23.14,Sitting
87,0.76,0.00,14.27,68.64,23.27,Sitting
74,0.71,0.00,14.16,68.68,23.29,Sitting
73,0.72,0.00,14.06,68.70,23.27,Sitting
95,1.39,0.00,14.40,68.73,23.29,Sitting
117,1.85,0.00,14.70,68.75,23.31,Sitting
131,2.17,0.00,14.88,68.77,23.32,Sitting
144,2.41,0.00,15.09,68.76,23.28,Sitting
125,1.33,0.00,14.82,68.75,23.29,Sitting
112,0.87,0.00,14.73,68.72,23.48,Sitting
105,0.79,0.00,14.59,68.71,23.47,Sitting
104,0.90,0.00,14.55,68.69,23.45,Sitting
127,1.39,0.00,14.84,68.68,23.41,Sitting
146,1.56,0.00,14.90,68.65,23.37,Sitting
155,0.82,0.00,14.89,68.61,23.30,Sitting
142,0.21,0.00,14.71,68.59,23.25,Sitting
124,0.61,0.00,14.65,68.57,23.20,Sitting
108,0.48,0.00,14.50,68.55,23.19,Sitting
104,0.58,0.00,14.32,68.57,23.17,Sitting
94,0.69,0.00,14.06,68.60,23.11,Sitting
88,0.73,0.00,13.96,68.61,23.03,Sitting
111,1.65,0.00,14.35,68.63,23.02,Sitting
128,2.35,0.00,14.50,68.66,22.98,Sitting
145,2.20,0.00,14.72,68.70,22.92,Sitting
157,1.71,0.00,14.89,68.73,22.89,Sitting
142,0.68,0.00,14.67,68.74,23.00,Sitting
129,0.00,0.00,14.47,68.75,23.05,Sitting
124,0.00,0.00,14.32,68.74,23.12,Sitting
118,0.00,0.00,14.18,68.73,23.14,Sitting
133,0.00,0.00,14.48,68.73,23.24,Sitting
150,0.00,0.00,14.65,68.71,23.28,Sitting
140,0.00,0.00,13.95,68.70,23.33,Sitting
130,0.00,0.00,13.63,68.69,23.37,Sitting
126,0.00,0.00,13.61,68.69,23.59,Sitting
119,0.00,0.00,13.59,68.70,23.64,Sitting
117,0.00,0.00,13.55,68.71,23.63,Sitting
137,0.00,0.00,13.96,68.74,23.61,Sitting
155,0.20,0.00,14.11,68.75,23.62,Sitting
171,0.59,0.00,14.35,68.77,23.58,Sitting
184,0.84,0.00,14.57,68.79,23.59,Sitting
165,0.15,0.00,14.42,68.78,23.56,Sitting
136,0.00,0.00,14.32,68.77,23.71,Sitting
130,0.00,0.00,14.25,68.76,23.70,Sitting
122,0.00,0.00,14.12,68.77,23.65,Sitting
145,0.00,0.00,14.38,68.79,23.65,Sitting
161,0.11,0.00,14.58,68.80,23.63,Sitting
178,0.40,0.00,14.70,68.79,23.59,Sitting
195,0.67,0.00,14.79,68.81,23.52,Sitting
180,0.18,0.00,14.47,68.82,23.50,Sitting
169,0.00,0.00,14.22,68.85,23.62,Sitting
162,0.00,0.00,13.96,68.85,23.57,Sitting
155,0.00,0.00,13.82,68.87,23.54,Sitting
172,0.00,0.00,14.08,68.86,23.54,Sitting
188,0.00,0.00,14.27,68.84,23.55,Sitting
201,0.00,0.00,14.42,68.82,23.50,Sitting
210,0.11,0.00,14.50,68.85,23.49,Sitting
191,0.00,0.00,14.17,68.84,23.46,Sitting
180,0.00,0.00,13.94,68.83,23.54,Sitting
168,0.00,0.00,13.79,68.87,23.60,Sitting
158,0.00,0.00,13.61,68.87,23.59,Sitting
150,0.00,0.00,13.52,68.89,23.59,Sitting
171,0.00,0.00,13.74,68.90,23.70,Sitting
189,0.00,0.00,14.06,68.90,23.72,Sitting
205,0.00,0.00,14.28,68.91,23.75,Sitting
188,0.00,0.00,14.07,68.90,23.75,Sitting
178,0.00,0.00,13.92,68.91,23.78,Sitting
171,0.00,0.00,13.86,68.92,23.75,Sitting
146,0.00,0.00,13.75,68.93,23.73,Sitting
146,0.00,0.00,13.64,68.92,23.72,Sitting
170,0.00,0.00,14.00,68.93,23.81,Sitting
190,0.00,0.00,14.23,68.93,23.79,Sitting
207,0.00,0.00,14.52,68.92,23.75,Sitting
216,0.00,0.00,14.44,68.91,23.75,Sitting
204,0.00,0.00,14.24,68.92,23.83,Sitting
195,0.00,0.00,14.08,68.94,23.87,Sitting
189,0.00,0.00,13.94,68.93,23.86,Sitting
171,0.00,0.00,13.67,68.94,23.83,Sitting
194,0.00,0.00,14.01,68.95,23.84,Sitting
216,0.00,0.00,14.25,68.98,23.82,Sitting
233,0.00,0.00,14.40,68.97,23.81,Sitting
246,0.00,0.00,14.46,68.99,23.77,Sitting
235,0.00,0.00,14.15,68.98,24.03,Sitting
222,0.00,0.00,13.94,68.98,24.05,Sitting
214,0.00,0.00,13.83,68.96,24.04,Sitting
208,0.00,0.00,13.78,68.94,24.01,Sitting
231,0.00,0.00,14.08,68.94,24.00,Sitting
217,0.00,0.00,13.98,68.93,23.98,Sitting
235,0.00,0.00,14.32,68.94,23.96,Sitting
229,0.00,0.00,14.12,68.95,23.94,Sitting
226,0.00,0.00,14.03,68.95,23.99,Sitting
219,0.00,0.00,13.94,68.95,23.96,Sitting
217,0.00,0.00,13.88,68.96,23.95,Sitting
215,0.00,0.00,13.84,68.96,23.93,Sitting
236,0.00,0.00,14.25,68.97,23.91,Sitting
253,0.00,0.00,14.52,68.96,23.88,Sitting
270,0.00,0.00,14.72,68.97,23.88,Sitting
283,0.00,0.00,15.03,68.97,23.83,Sitting
265,0.00,0.00,14.77,68.97,23.97,Sitting
253,0.00,0.00,14.58,68.98,24.00,Sitting
244,0.00,0.00,14.42,68.98,23.98,Sitting
238,0.00,0.00,14.31,68.97,23.96,Sitting
255,0.00,0.00,14.63,68.95,24.02,Sitting
274,0.00,0.00,14.83,68.94,24.02,Sitting
286,0.00,0.00,15.00,68.94,24.04,Sitting
273,0.00,0.00,14.80,68.94,24.01,Sitting
263,0.00,0.00,14.63,68.94,24.04,Sitting
255,0.00,0.00,14.50,68.94,24.03,Sitting
246,0.00,0.00,14.39,68.94,24.02,Sitting
236,0.00,0.00,14.29,68.94,24.02,Sitting
253,0.00,0.00,14.62,68.94,24.08,Sitting
267,0.00,0.00,14.87,68.97,24.10,Sitting
274,0.00,0.00,15.07,68.95,24.05,Sitting
284,0.00,0.00,15.20,68.95,24.10,Sitting
263,0.00,0.00,14.97,68.96,24.22,Sitting
233,0.00,0.00,14.50,68.95,24.19,Sitting
228,0.00,0.00,14.54,68.93,24.16,Sitting
224,0.00,0.00,14.45,68.91,24.14,Sitting
246,0.00,0.00,14.72,68.90,24.25,Sitting
267,0.00,0.00,14.95,68.88,24.23,Sitting
282,0.00,0.00,15.13,68.85,24.17,Sitting
293,0.00,0.00,15.33,68.85,24.12,Sitting
279,0.00,0.00,15.08,68.87,24.16,Sitting
267,0.00,0.00,14.97,68.86,24.11,Sitting
276,0.00,0.00,14.80,68.86,24.02,Sitting
268,0.00,0.00,14.65,68.86,23.97,Sitting
284,0.00,0.00,14.96,68.85,23.96,Sitting
273,0.00,0.00,14.86,68.86,23.91,Sitting
286,0.00,0.00,15.11,68.87,23.90,Sitting
295,0.00,0.00,15.32,68.87,23.83,Sitting
278,0.00,0.00,15.08,68.86,23.96,Sitting
265,0.00,0.00,14.94,68.86,23.95,Sitting
253,0.00,0.00,14.66,68.89,23.94,Sitting
262,0.00,0.00,14.52,68.83,23.94,Sitting
251,0.00,0.00,14.46,68.84,23.92,Sitting
245,0.00,0.00,14.44,68.83,23.89,Sitting
266,0.25,0.00,14.80,68.85,23.89,Sitting
284,0.81,0.00,15.03,68.85,23.85,Sitting
299,1.26,0.00,15.21,68.85,23.78,Sitting
310,1.62,0.00,15.36,68.87,23.76,Sitting
298,1.20,0.00,15.18,68.89,23.70,Sitting
286,0.83,0.00,15.02,68.88,23.72,Sitting
274,0.65,0.00,14.89,68.90,23.69,Sitting
267,0.53,0.00,14.84,68.91,23.67,Sitting
264,0.13,0.00,14.78,68.91,23.65,Sitting
264,0.00,0.00,15.16,68.93,23.64,Sitting
283,0.64,0.00,15.33,68.94,23.64,Sitting
297,1.08,0.00,15.45,68.95,23.61,Sitting
269,0.53,0.00,15.16,68.95,23.61,Sitting
263,0.30,0.00,15.04,68.94,23.65,Sitting
253,0.10,0.00,14.93,68.93,23.65,Sitting
250,0.00,0.00,14.83,68.93,23.64,Sitting
273,0.59,0.00,15.12,68.93,23.63,Sitting
292,1.10,0.00,15.31,68.94,23.69,Sitting
278,0.99,0.00,15.16,68.93,23.67,Sitting
298,1.44,0.00,15.39,68.93,23.69,Sitting
287,1.17,0.00,15.22,68.93,23.68,Sitting
280,0.86,0.00,15.04,68.91,23.70,Sitting
272,0.61,0.00,14.91,68.90,23.69,Sitting
268,0.44,0.00,14.80,68.90,23.69,Sitting
289,1.10,0.00,15.06,68.90,23.67,Sitting
304,1.56,0.00,15.31,68.91,23.66,Sitting
317,1.95,0.00,15.46,68.91,23.63,Sitting
327,2.22,0.00,15.58,68.92,23.63,Sitting
310,1.73,0.00,15.58,68.91,23.60,Sitting
300,1.52,0.00,15.18,68.91,23.74,Sitting
289,1.18,0.00,15.02,68.91,23.77,Sitting
279,0.92,0.00,14.90,68.90,23.75,Sitting
298,1.46,0.00,15.15,68.90,23.75,Sitting
313,1.95,0.00,15.41,68.90,23.73,Sitting
302,1.67,0.00,15.14,68.89,23.71,Sitting
315,2.10,0.00,15.33,68.88,23.68,Sitting
301,1.82,0.00,15.19,68.86,23.67,Sitting
289,1.49,0.00,15.18,68.85,23.79,Sitting
279,1.29,0.00,15.09,68.85,23.79,Sitting
273,1.09,0.00,15.00,68.87,23.78,Sitting
292,1.69,0.00,15.21,68.87,23.77,Sitting
281,1.50,0.00,15.09,68.89,23.77,Sitting
299,1.66,0.00,15.28,68.90,23.78,Sitting
316,2.10,0.00,15.41,68.89,23.78,Sitting
300,1.76,0.00,15.20,68.87,23.78,Sitting
291,1.41,0.00,15.04,68.88,23.88,Sitting
283,1.13,0.00,14.88,68.87,23.91,Sitting
259,1.01,0.00,14.83,68.87,23.94,Sitting
273,1.22,0.00,14.90,68.87,23.91,Sitting
293,1.76,0.00,15.13,68.89,23.86,Sitting
310,2.13,0.00,15.31,68.88,23.83,Sitting
324,2.47,0.00,15.47,68.87,23.80,Sitting
305,1.38,0.00,15.14,68.89,23.75,Sitting
295,1.13,0.00,14.99,68.88,23.78,Sitting
286,0.91,0.00,14.88,68.87,23.83,Sitting
281,0.88,0.00,14.83,68.87,23.82,Sitting
278,0.74,0.00,14.68,68.86,23.81,Sitting
299,1.31,0.00,14.98,68.88,23.91,Sitting
311,1.76,0.00,15.19,68.87,23.89,Sitting
326,2.12,0.00,15.36,68.89,23.84,Sitting
310,1.64,0.00,15.15,68.89,23.81,Sitting
300,1.41,0.00,14.98,68.90,23.86,Sitting
291,1.14,0.00,14.98,68.92,23.88,Sitting
286,0.97,0.00,14.86,68.92,23.89,Sitting
292,1.19,0.00,14.93,68.93,23.86,Sitting
311,1.63,0.00,15.16,68.92,23.88,Sitting
324,2.00,0.00,15.35,68.91,23.87,Sitting
335,2.26,0.00,15.50,68.89,23.85,Sitting
316,1.71,0.00,15.25,68.90,23.80,Sitting
307,1.27,0.00,15.07,68.90,23.87,Sitting
296,0.91,0.00,14.98,68.92,23.91,Sitting
279,0.40,0.00,14.92,68.92,23.89,Sitting
277,0.04,0.00,14.73,68.90,23.88,Sitting
269,0.00,0.00,15.06,68.90,23.90,Sitting
292,0.48,0.00,15.26,68.88,23.89,Sitting
309,0.99,0.00,15.43,68.89,23.84,Sitting
323,1.54,0.00,15.61,68.89,23.81,Sitting
313,1.38,0.00,15.36,68.86,23.95,Sitting
299,0.93,0.00,15.01,68.88,23.96,Sitting
291,0.66,0.00,14.88,68.92,23.92,Sitting
279,0.41,0.00,14.67,68.91,23.90,Sitting
298,0.97,0.00,14.95,68.92,23.91,Sitting
315,1.42,0.00,15.20,68.92,23.86,Sitting
329,1.80,0.00,15.41,68.92,23.86,Sitting
340,2.14,0.00,15.62,68.91,23.82,Sitting
325,1.69,0.00,15.40,68.90,23.97,Sitting
311,1.30,0.00,15.23,68.90,24.00,Sitting
303,1.07,0.00,15.21,68.90,23.99,Sitting
297,0.92,0.00,15.07,68.92,23.98,Sitting
318,1.50,0.00,15.35,68.92,24.08,Sitting
332,1.88,0.00,15.54,68.92,24.04,Sitting
343,1.87,0.00,15.69,68.92,23.96,Sitting
337,0.86,0.00,15.40,68.91,23.93,Sitting
321,0.67,0.00,15.24,68.91,24.03,Sitting
308,0.57,0.00,15.12,68.90,24.02,Sitting
299,0.42,0.00,15.00,68.90,23.98,Sitting
291,0.11,0.00,14.97,68.90,23.96,Sitting
285,0.00,0.00,14.31,68.89,23.92,Sitting
305,0.66,0.00,14.72,68.90,23.90,Sitting
321,1.17,0.00,15.06,68.92,23.90,Sitting
334,1.64,0.00,15.38,68.91,23.83,Sitting
315,1.42,0.00,15.17,68.92,23.98,Sitting
307,1.09,0.00,15.11,68.91,24.01,Sitting
298,0.84,0.00,15.02,68.92,23.98,Sitting
291,0.59,0.00,14.94,68.92,23.96,Sitting
310,1.17,0.00,15.26,68.93,24.01,Sitting
328,1.59,0.00,15.50,68.95,23.99,Sitting
340,1.88,0.00,15.69,68.94,23.99,Sitting
325,1.31,0.00,15.45,68.95,23.96,Sitting
312,0.82,0.00,15.31,68.96,24.05,Sitting
305,0.21,0.00,15.27,68.97,24.05,Sitting
300,0.00,0.00,15.16,68.95,24.03,Sitting
290,0.00,0.00,14.92,68.95,24.04,Sitting
310,0.00,0.00,15.25,68.94,24.06,Sitting
329,0.03,0.00,15.52,68.94,24.01,Sitting
342,0.48,0.00,15.72,68.93,23.99,Sitting
353,0.85,0.00,15.82,68.91,23.97,Sitting
346,0.00,0.00,15.27,68.92,24.06,Sitting
331,0.00,0.00,15.09,68.92,24.10,Sitting
319,0.00,0.00,15.10,68.92,24.07,Sitting
307,0.00,0.00,15.17,68.93,24.03,Sitting
325,0.00,0.00,15.50,68.90,24.01,Sitting
319,0.00,0.00,15.43,68.89,23.99,Sitting
330,0.30,0.00,15.68,68.86,23.97,Sitting
323,0.21,0.00,15.21,68.86,23.96,Sitting
314,0.06,0.00,15.18,68.87,24.05,Sitting
323,0.02,0.00,15.13,68.88,24.07,Sitting
314,0.00,0.00,14.95,68.89,24.04,Sitting
308,0.00,0.00,15.06,68.88,24.04,Sitting
304,0.00,0.00,15.19,68.88,24.11,Sitting
324,0.36,0.00,15.49,68.87,24.13,Sitting
340,0.94,0.00,15.72,68.85,24.11,Sitting
320,0.58,0.00,15.47,68.85,24.08,Sitting
315,0.63,0.00,15.34,68.85,24.24,Sitting
308,0.35,0.00,15.33,68.87,24.24,Sitting
301,0.09,0.00,15.26,68.88,24.21,Sitting
287,0.00,0.00,15.21,68.88,24.17,Sitting
309,0.45,0.00,15.51,68.90,24.13,Sitting
330,0.95,0.00,15.80,68.92,24.08,Sitting
344,1.26,0.00,15.98,68.92,24.09,Sitting
332,0.87,0.00,15.84,68.92,24.06,Sitting
322,0.40,0.00,15.62,68.91,24.21,Sitting
312,0.04,0.00,15.49,68.90,24.19,Sitting
307,0.00,0.00,15.37,68.90,24.17,Sitting
328,0.11,0.00,15.64,68.91,24.16,Sitting
343,0.55,0.00,15.85,68.90,24.13,Sitting
356,0.76,0.00,16.02,68.90,24.07,Sitting
368,0.91,0.00,16.16,68.89,24.05,Sitting
346,0.23,0.00,15.88,68.89,23.99,Sitting
334,0.00,0.00,15.62,68.89,23.99,Sitting
325,0.00,0.00,15.56,68.89,23.99,Sitting
317,0.00,0.00,15.42,68.88,23.96,Sitting
308,0.00,0.00,15.32,68.87,23.95,Sitting
328,0.00,0.00,15.65,68.88,24.01,Sitting
344,0.00,0.00,15.89,68.88,23.97,Sitting
356,0.38,0.00,16.09,68.87,23.91,Sitting
344,0.00,0.00,15.82,68.86,23.89,Sitting
333,0.00,0.00,15.64,68.87,23.99,Sitting
323,0.00,0.00,15.42,68.87,24.01,Sitting
317,0.00,0.00,15.30,68.87,23.97,Sitting
311,0.00,0.00,15.26,68.88,23.94,Sitting
331,0.00,0.00,15.53,68.89,23.95,Sitting
348,0.00,0.00,15.71,68.90,23.90,Sitting
362,0.00,0.00,15.88,68.89,23.89,Sitting
372,0.17,0.00,16.02,68.88,23.83,Sitting
353,0.00,0.00,15.85,68.89,23.95,Sitting
337,0.00,0.00,15.65,68.88,23.96,Sitting
324,0.00,0.00,15.48,68.90,23.92,Sitting
314,0.00,0.00,15.33,68.92,23.90,Sitting
330,0.00,0.00,15.62,68.95,23.97,Sitting
326,0.00,0.00,15.46,68.94,23.97,Sitting
342,0.00,0.00,15.72,68.94,23.94,Sitting
326,0.00,0.00,15.44,68.95,23.93,Sitting
316,0.00,0.00,15.38,68.97,24.08,Sitting
307,0.00,0.00,15.27,68.94,24.08,Sitting
302,0.00,0.00,15.24,68.92,24.06,Sitting
323,0.00,0.00,15.51,68.92,24.08,Sitting
338,0.00,0.00,15.79,68.92,24.06,Sitting
352,0.23,0.00,15.95,68.92,24.02,Sitting
363,0.37,0.00,16.07,68.93,23.95,Sitting
341,0.00,0.00,15.46,68.94,23.90,Sitting
328,0.00,0.00,15.39,68.96,24.03,Sitting
317,0.00,0.00,15.34,68.96,24.02,Sitting
310,0.00,0.00,15.30,68.97,24.00,Sitting
328,0.06,0.00,15.58,68.98,23.96,Sitting
343,0.72,0.00,15.80,68.96,23.95,Sitting
361,1.19,0.00,15.95,68.94,23.91,Sitting
369,1.56,0.00,16.09,68.94,23.89,Sitting
348,1.11,0.00,15.77,68.93,23.84,Sitting
331,0.67,0.00,15.61,68.96,23.88,Sitting
321,0.54,0.00,15.45,68.97,23.90,Sitting
306,0.20,0.00,15.24,68.96,23.89,Sitting
302,0.00,0.00,15.13,68.96,23.87,Sitting
321,0.58,0.00,15.43,68.95,23.96,Sitting
336,1.13,0.00,15.67,68.96,23.95,Sitting
348,1.56,0.00,15.87,68.96,23.89,Sitting
345,1.11,0.00,15.73,68.97,23.86,Sitting
329,0.81,0.00,15.55,68.97,23.93,Sitting
318,0.66,0.00,15.41,68.96,23.95,Sitting
308,0.47,0.00,15.35,68.96,23.97,Sitting
298,0.29,0.00,15.30,68.95,23.94,Sitting
316,1.00,0.00,15.57,68.94,23.99,Sitting
331,1.54,0.00,15.90,68.92,23.92,Sitting
342,1.84,0.00,16.05,68.94,23.91,Sitting
350,1.92,0.00,15.94,68.96,23.87,Sitting
326,1.56,0.00,15.84,68.96,23.97,Sitting
309,1.31,0.00,15.66,68.96,23.99,Sitting
300,1.18,0.00,15.49,68.95,23.98,Sitting
289,1.07,0.00,15.31,68.95,23.95,Sitting
308,1.58,0.00,15.58,68.95,24.00,Sitting
323,2.01,0.00,15.81,68.94,23.97,Sitting
335,2.35,0.00,15.98,68.94,23.90,Sitting
342,2.14,0.00,15.96,68.94,23.87,Sitting
326,1.75,0.00,15.72,68.94,24.04,Sitting
310,1.66,0.00,15.48,68.95,24.06,Sitting
301,1.34,0.00,15.39,68.94,24.02,Sitting
307,1.43,0.00,15.24,68.92,23.99,Sitting
322,1.74,0.00,15.55,68.91,24.00,Sitting
335,2.07,0.00,15.79,68.91,23.94,Sitting
348,2.30,0.00,15.97,68.91,23.94,Sitting
320,1.50,0.00,15.60,68.91,23.96,Sitting
307,1.24,0.00,15.48,68.92,24.09,Sitting
300,1.06,0.00,15.40,68.92,24.11,Sitting
294,0.79,0.00,15.34,68.92,24.13,Sitting
295,0.67,0.00,15.26,68.94,24.10,Sitting
313,1.21,0.00,15.55,68.94,24.11,Sitting
304,0.99,0.00,15.62,68.95,24.07,Sitting
321,1.51,0.00,15.83,68.92,24.04,Sitting
309,1.19,0.00,15.65,68.90,24.02,Sitting
299,0.82,0.00,15.37,68.92,24.14,Sitting
293,0.52,0.00,15.29,68.92,24.12,Sitting
285,0.40,0.00,15.28,68.92,24.09,Sitting
306,0.98,0.00,15.57,68.91,24.07,Sitting
296,1.12,0.00,15.85,68.92,24.04,Sitting
315,1.65,0.00,16.02,68.90,24.02,Sitting
332,1.98,0.00,16.15,68.93,23.96,Sitting
321,1.06,0.00,15.80,68.92,23.94,Sitting
311,0.80,0.00,15.64,68.91,23.97,Sitting
303,1.06,0.00,15.55,68.89,24.02,Sitting
296,0.81,0.00,15.46,68.88,24.02,Sitting
290,0.51,0.00,15.45,68.87,23.99,Sitting
312,1.10,0.00,15.70,68.87,24.00,Sitting
329,1.51,0.00,15.90,68.86,23.98,Sitting
343,1.67,0.00,16.06,68.85,23.96,Sitting
354,1.91,0.00,16.19,68.85,23.90,Sitting
337,1.23,0.00,15.98,68.86,24.05,Sitting
327,0.58,0.00,15.80,68.84,24.07,Sitting
316,0.00,0.00,15.69,68.83,24.07,Sitting
306,0.00,0.00,15.43,68.80,24.06,Sitting
323,0.00,0.00,15.68,68.80,24.08,Sitting
336,0.00,0.00,15.96,68.79,24.05,Sitting
345,0.00,0.00,16.11,68.77,23.99,Sitting
354,0.00,0.00,16.22,68.78,23.95,Sitting
336,0.00,0.00,15.99,68.76,24.21,Sitting
321,0.00,0.00,15.79,68.75,24.19,Sitting
307,0.00,0.00,15.51,68.74,24.13,Sitting
321,0.00,0.00,15.74,68.72,24.07,Sitting
333,0.00,0.00,15.90,68.73,24.02,Sitting
343,0.00,0.00,15.99,68.74,23.91,Sitting
350,0.00,0.00,16.10,68.75,23.87,Sitting
326,0.00,0.00,15.67,68.77,23.81,Sitting
314,0.00,0.00,15.44,68.77,23.82,Sitting
305,0.00,0.00,15.25,68.76,23.84,Sitting
297,0.00,0.00,15.08,68.73,23.83,Sitting
286,0.00,0.00,14.84,68.76,23.82,Sitting
306,0.00,0.00,15.05,68.76,23.92,Sitting
321,0.00,0.00,15.14,68.75,23.90,Sitting
333,0.00,0.00,15.21,68.77,23.84,Sitting
329,0.00,0.00,14.85,68.78,23.81,Sitting
315,0.00,0.00,14.60,68.76,23.90,Sitting
288,0.00,0.00,14.40,68.78,23.92,Sitting
282,0.00,0.00,14.31,68.80,23.94,Sitting
275,0.00,0.00,14.11,68.81,23.92,Sitting
296,0.00,0.00,14.47,68.81,23.94,Sitting
314,0.00,0.00,14.68,68.81,23.92,Sitting
328,0.00,0.00,14.86,68.81,23.88,Sitting
307,0.00,0.00,14.62,68.81,23.87,Sitting
298,0.00,0.00,14.39,68.84,23.95,Sitting
294,0.00,0.00,14.32,68.90,23.96,Sitting
291,0.00,0.00,14.22,68.94,23.96,Sitting
287,0.00,0.00,14.16,68.94,23.96,Sitting
309,0.00,0.00,14.45,68.94,23.97,Sitting
325,0.09,0.00,14.70,68.94,23.92,Sitting
339,0.71,0.00,14.94,68.90,23.89,Sitting
305,0.10,0.00,14.66,68.90,23.84,Sitting
299,0.00,0.00,14.55,68.91,23.85,Sitting
289,0.00,0.00,14.68,68.91,23.81,Sitting
277,0.00,0.00,14.50,68.90,23.78,Sitting
276,0.00,0.00,14.35,68.92,23.74,Sitting
274,0.00,0.00,14.24,68.96,23.82,Sitting
296,0.55,0.00,14.57,68.94,23.78,Sitting
290,0.53,0.00,14.49,68.95,23.77,Sitting
283,0.27,0.00,14.30,68.93,23.75,Sitting
279,0.14,0.00,14.27,68.95,23.80,Sitting
276,0.04,0.00,14.23,68.95,23.82,Sitting
279,0.00,0.00,14.11,68.94,23.81,Sitting
274,0.00,0.00,13.93,68.95,23.81,Sitting
296,0.00,0.00,14.18,68.97,23.85,Sitting
309,0.00,0.00,13.88,68.96,23.83,Sitting
325,0.33,0.00,14.09,68.93,23.81,Sitting
310,0.15,0.00,13.82,68.92,23.82,Sitting
302,0.15,0.00,13.71,68.95,23.90,Sitting
295,0.00,0.00,13.73,68.96,23.92,Sitting
291,0.00,0.00,13.64,68.95,23.90,Sitting
282,0.00,0.00,13.59,68.94,23.89,Sitting
303,0.37,0.00,13.82,68.92,23.91,Sitting
319,0.95,0.00,14.09,68.93,23.86,Sitting
334,1.42,0.00,14.22,68.93,23.85,Sitting
347,1.75,0.00,14.39,68.94,23.80,Sitting
325,1.50,0.00,14.20,68.95,24.08,Sitting
311,1.13,0.00,14.02,68.96,24.08,Sitting
303,0.88,0.00,13.88,68.95,24.06,Sitting
322,1.37,0.00,14.21,68.94,24.04,Sitting
317,1.46,0.00,13.71,68.96,24.06,Sitting
332,1.82,0.00,14.01,68.95,24.06,Sitting
345,2.09,0.00,14.29,68.95,24.00,Sitting
330,1.64,0.00,14.12,68.96,23.98,Sitting
317,1.27,0.00,14.03,68.98,24.08,Sitting
308,0.90,0.00,13.94,68.99,24.08,Sitting
299,0.69,0.00,13.87,68.98,24.05,Sitting
285,0.35,0.00,13.96,68.97,24.04,Sitting
306,0.96,0.00,14.31,68.95,24.01,Sitting
322,1.42,0.00,14.55,68.96,23.94,Sitting
337,1.90,0.00,14.76,68.95,23.92,Sitting
346,2.24,0.00,14.68,68.95,23.86,Sitting
318,2.30,0.00,14.60,68.97,23.96,Sitting
308,1.83,0.00,14.50,68.96,23.96,Sitting
303,1.49,0.00,14.39,68.98,23.94,Sitting
294,1.20,0.00,14.17,68.96,23.93,Sitting
313,1.67,0.00,14.57,68.99,24.00,Sitting
300,1.33,0.00,14.46,69.01,23.96,Sitting
320,1.77,0.00,14.80,69.00,23.94,Sitting
308,1.41,0.00,14.65,68.99,23.91,Sitting
301,1.16,0.00,14.59,68.98,24.10,Sitting
298,1.00,0.00,14.62,68.99,24.07,Sitting
295,0.91,0.00,14.51,68.98,24.04,Sitting
314,1.49,0.00,14.79,68.99,24.01,Sitting
303,1.63,0.00,14.35,68.96,23.98,Sitting
325,2.04,0.00,14.66,68.95,23.97,Sitting
317,1.71,0.00,14.27,68.93,23.95,Sitting
306,1.32,0.00,14.22,68.92,23.93,Sitting
298,1.06,0.00,14.17,68.93,23.97,Sitting
304,1.30,0.00,14.16,68.93,23.99,Sitting
298,1.19,0.00,14.08,68.93,23.95,Sitting
282,1.16,0.00,14.14,68.96,23.92,Sitting
306,1.67,0.00,14.50,68.96,23.90,Sitting
330,2.07,0.00,14.78,68.96,23.89,Sitting
345,2.39,0.00,14.99,68.96,23.88,Sitting
356,2.65,0.00,15.17,68.96,23.84,Sitting
343,1.98,0.00,14.95,68.97,24.00,Sitting
330,1.61,0.00,14.75,68.96,24.01,Sitting
320,1.34,0.00,14.60,68.96,23.98,Sitting
309,0.54,0.00,14.36,68.95,23.95,Sitting
327,1.26,0.00,14.67,68.96,24.00,Sitting
312,1.00,0.00,14.99,68.93,23.97,Sitting
333,1.61,0.00,15.25,68.93,23.94,Sitting
349,2.14,0.00,15.33,68.92,23.88,Sitting
335,1.72,0.00,15.12,68.92,23.98,Sitting
327,1.39,0.00,14.97,68.92,23.95,Sitting
318,1.10,0.00,14.79,68.92,23.93,Sitting
312,0.88,0.00,14.64,68.91,23.93,Sitting
330,1.36,0.00,14.93,68.92,24.00,Sitting
344,1.77,0.00,15.16,68.92,23.97,Sitting
358,2.07,0.00,15.31,68.93,23.96,Sitting
367,2.33,0.00,15.43,68.93,23.90,Sitting
349,1.95,0.00,15.30,68.94,24.03,Sitting
334,1.47,0.00,15.09,68.95,24.05,Sitting
323,1.18,0.00,14.90,68.96,24.01,Sitting
312,0.95,0.00,14.70,68.98,23.98,Sitting
329,1.50,0.00,14.96,68.98,24.08,Sitting
343,1.90,0.00,15.15,68.94,24.07,Sitting
355,2.24,0.00,15.31,68.92,24.00,Sitting
335,1.67,0.00,14.97,68.91,23.98,Sitting
322,1.34,0.00,14.83,68.91,24.03,Sitting
304,0.99,0.00,14.75,68.92,24.04,Sitting
301,0.75,0.00,14.62,68.93,24.06,Sitting
301,0.41,0.00,14.34,68.95,24.03,Sitting
320,1.06,0.00,14.65,68.96,24.04,Sitting
336,1.49,0.00,14.90,68.97,23.98,Sitting
349,1.94,0.00,15.11,68.97,23.97,Sitting
348,1.93,0.00,14.90,68.98,23.96,Sitting
334,1.56,0.00,14.77,68.97,24.04,Sitting
325,1.40,0.00,14.58,68.98,24.06,Sitting
320,1.23,0.00,14.52,68.97,24.05,Sitting
301,1.00,0.00,14.48,68.97,24.00,Sitting
320,1.61,0.00,14.84,68.97,24.01,Sitting
335,2.01,0.00,15.07,68.97,23.97,Sitting
348,2.39,0.00,15.32,68.97,23.92,Sitting
358,2.74,0.00,15.41,68.97,23.91,Sitting
341,2.34,0.00,15.19,68.99,24.01,Sitting
327,1.91,0.00,15.02,68.99,24.02,Sitting
316,1.59,0.00,14.91,68.95,24.07,Sitting
309,1.30,0.00,14.77,68.94,24.06,Sitting
328,1.82,0.00,15.08,68.94,24.08,Sitting
346,2.09,0.00,15.25,68.94,24.00,Sitting
331,1.67,0.00,15.04,68.93,23.97,Sitting
346,1.98,0.00,15.14,68.93,23.94,Sitting
332,1.58,0.00,14.94,68.95,24.06,Sitting
321,1.32,0.00,14.84,68.93,24.05,Sitting
312,1.23,0.00,14.69,68.92,24.03,Sitting
300,0.92,0.00,14.71,68.93,24.02,Sitting
319,1.51,0.00,14.92,68.93,24.07,Sitting
306,1.41,0.00,14.73,68.92,24.05,Sitting
325,1.89,0.00,14.94,68.91,24.02,Sitting
316,1.59,0.00,14.76,68.91,24.00,Sitting
299,1.42,0.00,14.54,68.94,24.02,Sitting
294,1.27,0.00,14.36,68.96,24.04,Sitting
291,1.12,0.00,14.25,68.95,24.02,Sitting
290,0.85,0.00,14.13,68.94,24.01,Sitting
315,1.45,0.00,14.51,68.93,24.02,Sitting
333,2.00,0.00,14.84,68.94,23.96,Sitting
324,1.88,0.00,14.81,68.93,23.93,Sitting
339,2.34,0.00,15.05,68.91,23.90,Sitting
327,1.92,0.00,14.97,68.91,24.17,Sitting
318,1.56,0.00,14.84,68.91,24.13,Sitting
311,1.13,0.00,14.74,68.92,24.11,Sitting
332,1.61,0.00,14.98,68.92,24.09,Sitting
347,2.02,0.00,15.18,68.92,24.13,Sitting
358,2.08,0.00,15.34,68.92,24.10,Sitting
369,2.42,0.00,15.46,68.93,24.05,Sitting
349,1.92,0.00,14.93,68.94,24.03,Sitting
335,1.57,0.00,14.55,68.94,24.05,Sitting
324,1.28,0.00,14.31,68.96,24.05,Sitting
316,1.08,0.00,14.18,68.94,24.02,Sitting
310,0.83,0.00,14.00,68.94,23.98,Sitting
309,1.49,0.00,13.99,68.94,24.00,Sitting
330,1.96,0.00,14.38,68.95,23.96,Sitting
345,2.33,0.00,14.67,68.93,23.92,Sitting
345,2.32,0.00,14.56,68.91,23.88,Sitting
335,1.98,0.00,14.52,68.91,24.10,Sitting
329,1.61,0.00,14.42,68.90,24.12,Sitting
321,1.35,0.00,14.24,68.90,24.12,Sitting
341,1.96,0.00,14.61,68.90,24.11,Sitting
356,2.32,0.00,14.87,68.90,24.13,Sitting
360,2.12,0.00,14.63,68.90,24.12,Sitting
369,2.52,0.00,14.87,68.92,24.10,Sitting
352,2.23,0.00,14.71,68.93,24.08,Sitting
339,1.90,0.00,14.59,68.95,24.16,Sitting
330,1.08,0.00,14.56,68.94,24.17,Sitting
323,0.75,0.00,14.52,68.95,24.13,Sitting
341,1.21,0.00,14.81,68.94,24.09,Sitting
333,0.91,0.00,14.87,68.94,24.08,Sitting
351,1.24,0.00,15.08,68.94,24.03,Sitting
341,0.98,0.00,14.96,68.94,24.01,Sitting
329,0.33,0.00,14.78,68.94,24.02,Sitting
319,0.00,0.00,14.67,68.95,24.11,Sitting
313,0.00,0.00,14.56,68.94,24.08,Sitting
311,0.00,0.00,14.52,68.96,24.07,Sitting
319,0.00,0.00,14.61,68.98,24.05,Sitting
340,0.00,0.00,14.87,68.98,24.09,Sitting
345,0.00,0.00,14.62,68.99,24.02,Sitting
359,0.00,0.00,14.87,68.99,24.00,Sitting
348,0.00,0.00,14.69,68.99,23.93,Sitting
337,0.00,0.00,14.55,68.98,24.08,Sitting
331,0.00,0.00,14.43,69.00,24.07,Sitting
325,0.00,0.00,14.35,69.00,24.05,Sitting
